,FID,OBJECTID,NAME,FENAME,SOC,AREA,SUM_W1_T1_C1,MEAN_W1_T1_C1,SUM_W1_T2_C1,MEAN_W1_T2_C1,SUM_W1_T3_C1,MEAN_W1_T3_C1,SUM_W2_T1_C1,MEAN_W2_T1_C1,SUM_W2_T2_C1,MEAN_W2_T2_C1,SUM_W2_T3_C1,MEAN_W2_T3_C1,SUM_W3_T1_C1,MEAN_W3_T1_C1,SUM_W3_T2_C1,MEAN_W3_T2_C1,SUM_W3_T3_C1,MEAN_W3_T3_C1,SUM_W4_T1_C1,MEAN_W4_T1_C1,SUM_W4_T2_C1,MEAN_W4_T2_C1,SUM_W4_T3_C1,MEAN_W4_T3_C1,SUM_W5_T1_C1,MEAN_W5_T1_C1,SUM_W5_T2_C1,MEAN_W5_T2_C1,SUM_W5_T3_C1,MEAN_W5_T3_C1,SUM_W6_T1_C1,MEAN_W6_T1_C1,SUM_W6_T2_C1,MEAN_W6_T2_C1,SUM_W6_T3_C1,MEAN_W6_T3_C1,SUM_W7_T1_C1,MEAN_W7_T1_C1,SUM_W7_T2_C1,MEAN_W7_T2_C1,SUM_W7_T3_C1,MEAN_W7_T3_C1,SUM_W8_T1_C1,MEAN_W8_T1_C1,SUM_W8_T2_C1,MEAN_W8_T2_C1,SUM_W8_T3_C1,MEAN_W8_T3_C1,SUM_W9_T1_C1,MEAN_W9_T1_C1,SUM_W9_T2_C1,MEAN_W9_T2_C1,SUM_W9_T3_C1,MEAN_W9_T3_C1,SUM_W10_T1_C1,MEAN_W10_T1_C1,SUM_W10_T2_C1,MEAN_W10_T2_C1,SUM_W10_T3_C1,MEAN_W10_T3_C1,SUM_W11_T1_C1,MEAN_W11_T1_C1,SUM_W11_T2_C1,MEAN_W11_T2_C1,SUM_W11_T3_C1,MEAN_W11_T3_C1,SUM_W12_T1_C1,MEAN_W12_T1_C1,SUM_W12_T2_C1,MEAN_W12_T2_C1,SUM_W12_T3_C1,MEAN_W12_T3_C1
0,0,1,GREAT LAKES,Great lakes, ,239890.2624,846.0,282.0,4587.0,241.421052632,,,,,,,,,,,,,,,,,,,,,,,,,,,,,,,,,,,,,,,,,,,,,,,,,,,,,621.0,310.5,,,569.0,284.5,4223.0,324.846153846,,,,,,,,
1,1,2,GREENLAND,Greenland,GRL,2165194.435,8729.0,545.5625,,,,,,,,,,,1011.0,505.5,,,,,,,,,,,,,,,,,,,,,,,,,,,,,2486.0,621.5,,,,,,,,,,,,,,,,,,,,,,,,,,,,
2,2,3,CANADA,Canada,CAN,9924776.95,618844.0,569.313707452,10920.0,260.0,,,23072.0,419.490909091,521.0,260.5,,,20526.0,641.4375,448.0,224.0,,,1482.0,741.0,337.0,337.0,,,,,,,,,,,,,,,,,,,,,327880.0,840.717948718,,,,,2547.0,283.0,566.0,283.0,,,1822795.0,925.276649746,,,,,1330207.0,441.92923588,66236.0,206.342679128,,,,,,,,
3,3,4,UNITED STATES,United States Of America,USA,9325530.099,42001.0,736.859649123,19235.0,204.627659574,4058.0,202.9,725.0,181.25,3810.0,131.379310345,2903.0,161.277777778,17129.0,685.16,4619.0,200.826086957,749.0,149.8,1382.0,691.0,,,,,,,,,,,,,,,,,,,2476.0,117.904761905,84.0,42.0,,,,,,,,,1329.0,66.45,866.0,66.6153846154,841666.0,740.251539138,37184.0,252.952380952,62699.0,324.865284974,40883.0,237.691860465,383930.0,189.314595661,120086.0,169.373765867,,,,,,
4,43,44,UNITED STATES,United States Of America,USA,8.738036416,42001.0,736.859649123,19235.0,204.627659574,4058.0,202.9,725.0,181.25,3810.0,131.379310345,2903.0,161.277777778,17129.0,685.16,4619.0,200.826086957,749.0,149.8,1382.0,691.0,,,,,,,,,,,,,,,,,,,2476.0,117.904761905,84.0,42.0,,,,,,,,,1329.0,66.45,866.0,66.6153846154,841666.0,740.251539138,37184.0,252.952380952,62699.0,324.865284974,40883.0,237.691860465,383930.0,189.314595661,120086.0,169.373765867,,,,,,
5,4,5,SAINT PIERRE AND MIQUELON,Saint Pierre and Miquelon,SPM,228.04125,,,,,,,,,,,,,,,,,,,,,,,,,,,,,,,,,,,,,,,,,,,,,,,,,,,,,,,,,,,,,,,,,,,,,,,,
6,5,6,BERMUDA,Bermuda,BMU,63.19694514,,,,,,,,,,,,,,,,,,,,,,,,,,,,,,,,,,,,,,,,,,,,,,,,,,,,,,,,,,,,,,,,,,,,,,,,
7,6,7,BAHAMAS,Commonwealth of the Bahamas,BHS,13336.07578,,,,,433.0,433.0,,,,,,,,,,,,,,,,,,,,,,,,,,,,,1067.0,533.5,,,,,,,,,,,,,,,,,,,,,,,,,,,,,,,,,,,,
8,7,8,TURKS AND CAICOS ISLANDS,Turks and Caicos Islands,TCA,546.337063,,,,,,,,,,,,,,,,,,,,,,,,,,,,,,,,,,,,,,,,,,,,,,,,,,,,,,,,,,,,,,,,,,,,,,,,
9,8,9,CUBA,Republic of Cuba,CUB,111349.3062,,,,,682.0,341.0,,,,,,,,,,,,,,,,,,,,,,,,,,,,,8925.0,446.25,,,,,,,,,,,,,,,,,,,,,,,,,,,,,,,,,,,,
10,9,10,MEXICO,United States of Mexico,MEX,1957508.2480000001,,,,,3910.0,156.4,,,,,410.0,102.5,,,,,,,,,119.0,119.0,1061.0,265.25,,,,,,,,,,,2372.0,215.636363636,,,,,90.0,30.0,,,,,,,,,304.0,101.333333333,578.0,48.1666666667,,,,,135.0,135.0,,,,,,,,,,,,
11,10,11,CAYMAN ISLANDS,Cayman Islands,CYM,277.721227,,,,,,,,,,,,,,,,,,,,,,,,,,,,,,,,,,,,,,,,,,,,,,,,,,,,,,,,,,,,,,,,,,,,,,,,
12,11,12,HAITI,Republic of Haiti,HTI,27074.022530000002,,,,,,,,,,,,,,,,,,,,,,,,,,,,,,,,,,,156.0,156.0,,,,,,,,,,,,,,,,,,,,,,,,,,,,,,,,,,,,
13,12,13,PUERTO RICO,Puerto Rico,PRI,9018.224115,,,,,,,,,,,,,,,,,,,,,,,,,,,,,,,,,,,,,,,,,,,,,,,,,,,,,,,,,,,,,,,,,,,,,,,,
14,13,14,"VIRGIN ISLANDS,BRITISH",British Virgin Islands,VGB,170.7810916,,,,,,,,,,,,,,,,,,,,,,,,,,,,,,,,,,,,,,,,,,,,,,,,,,,,,,,,,,,,,,,,,,,,,,,,
15,14,15,DOMINICAN REPUBLIC,Dominican Republic,DOM,48183.42747,,,,,,,,,,,,,,,,,,,,,,,,,,,,,,,,,,,,,,,,,,,,,,,,,,,,,,,,,,,,,,,,,,,,,,,,
16,15,16,"VIRGIN ISLANDS,U.S.",Virgin Islands of the United States,VIR,367.76878,,,,,,,,,,,,,,,,,,,,,,,,,,,,,,,,,,,,,,,,,,,,,,,,,,,,,,,,,,,,,,,,,,,,,,,,
17,16,17,ANGUILLA,Anguilla,AIA,82.56711224,,,,,,,,,,,,,,,,,,,,,,,,,,,,,,,,,,,,,,,,,,,,,,,,,,,,,,,,,,,,,,,,,,,,,,,,
18,17,18,JAMAICA,Jamaica,JAM,11025.30542,,,,,,,,,,,,,,,,,,,,,,,,,,,,,,,,,,,,,,,,,,,,,,,,,,,,,,,,,,,,,,,,,,,,,,,,
19,18,19,SAINT KITTS AND NEVIS,Federation of Saint Kitts and Nevis,KNA,275.7698163,,,,,,,,,,,,,,,,,,,,,,,,,,,,,,,,,,,,,,,,,,,,,,,,,,,,,,,,,,,,,,,,,,,,,,,,
20,19,20,ANTIGUA AND BARBUDA,Antigua and Barbuda,ATG,443.22159189999996,,,,,,,,,,,,,,,,,,,,,,,,,,,,,,,,,,,,,,,,,,,,,,,,,,,,,,,,,,,,,,,,,,,,,,,,
21,20,21,MONTSERRAT,Montserrat,MSR,102.50698129999999,,,,,,,,,,,,,,,,,,,,,,,,,,,,,,,,,,,,,,,,,,,,,,,,,,,,,,,,,,,,,,,,,,,,,,,,
22,21,22,BELIZE,Belize,BLZ,22217.36277,,,,,,,,,,,,,,,,,,,,,,,,,,,,,,,,,,,,,,,,,,,,,,,,,,,,,,,,,,,,,,,,,,,,,,,,
23,22,23,GUADELOUPE,Guadeloupe,GLP,1749.708939,,,,,,,,,,,,,,,,,,,,,,,,,,,,,,,,,,,,,,,,,,,,,,,,,,,,,,,,,,,,,,,,,,,,,,,,
24,23,24,GUATEMALA,Republic of Guatemala,GTM,109283.04,,,,,1426.0,237.666666667,,,,,,,,,,,,,,,,,,,,,,,,,,,,,,,,,,,,,,,,,,,,,,,,,,,,,,,,,,,,,,,,,,
25,24,25,DOMINICA,Commonwealth of Dominica,DMA,766.6903546,,,,,,,,,,,,,,,,,,,,,,,,,,,,,,,,,,,,,,,,,,,,,,,,,,,,,,,,,,,,,,,,,,,,,,,,
26,25,26,MARTINIQUE,Martinique,MTQ,1142.2647279999999,,,,,,,,,,,,,,,,,,,,,,,,,,,,,,,,,,,,,,,,,,,,,,,,,,,,,,,,,,,,,,,,,,,,,,,,
27,26,27,NICARAGUA,Republic of Nicaragua,NIC,129012.722,,,,,2338.0,212.545454545,,,,,,,,,,,,,,,,,1252.0,417.333333333,,,,,523.0,261.5,,,,,1203.0,601.5,,,,,,,,,,,,,,,,,,,,,,,,,,,,,,,,,,,,
28,27,28,SAINT LUCIA,Saint Lucia,LCA,617.3967327,,,,,,,,,,,,,,,,,,,,,,,,,,,,,,,,,,,,,,,,,,,,,,,,,,,,,,,,,,,,,,,,,,,,,,,,
29,28,29,EL SALVADOR,Republic of El Salvador,SLV,20579.6445,,,,,,,,,,,,,,,,,,,,,,,,,,,,,,,,,,,,,,,,,,,,,,,,,,,,,,,,,,,,,,,,,,,,,,,,
30,29,30,HONDURAS,Republic of Honduras,HND,113032.1456,,,,,1200.0,600.0,,,,,,,,,,,,,,,,,1787.0,255.285714286,,,,,686.0,686.0,,,,,709.0,236.333333333,,,,,,,,,,,,,,,,,,,,,,,,,,,,,,,,,,,,
31,30,31,BARBADOS,Barbados,BRB,439.3483209,,,,,,,,,,,,,,,,,,,,,,,,,,,,,,,,,,,,,,,,,,,,,,,,,,,,,,,,,,,,,,,,,,,,,,,,
32,31,32,SAINT VINCENT AND THE GRENADINES,Saint Vincent and the Grenadines,VCT,409.3061223,,,,,,,,,,,,,,,,,,,,,,,,,,,,,,,,,,,,,,,,,,,,,,,,,,,,,,,,,,,,,,,,,,,,,,,,
33,32,33,ARUBA,Aruba,ABW,181.6068965,,,,,,,,,,,,,,,,,,,,,,,,,,,,,,,,,,,,,,,,,,,,,,,,,,,,,,,,,,,,,,,,,,,,,,,,
34,33,34,COLOMBIA,Republic of Colombia,COL,51.48488332,,,,,1120.0,280.0,,,,,,,,,,,6072.0,233.538461538,,,,,6961.0,580.083333333,,,,,27455.0,236.681034483,,,,,2489.0,622.25,,,,,,,,,,,,,,,,,,,,,,,,,,,,,,,,,,,,
35,145,146,COLOMBIA,Republic of Colombia,COL,1137869.979,,,,,1120.0,280.0,,,,,,,,,,,6072.0,233.538461538,,,,,6961.0,580.083333333,,,,,27455.0,236.681034483,,,,,2489.0,622.25,,,,,,,,,,,,,,,,,,,,,,,,,,,,,,,,,,,,
36,34,35,GRENADA,Grenada,GRD,365.8030738,,,,,,,,,,,,,,,,,,,,,,,,,,,,,,,,,,,,,,,,,,,,,,,,,,,,,,,,,,,,,,,,,,,,,,,,
37,35,36,NETHERLANDS ANTILLES,Netherlands Antilles,ANT,809.5657921,,,,,,,,,,,,,,,,,,,,,,,,,,,,,,,,,,,,,,,,,,,,,,,,,,,,,,,,,,,,,,,,,,,,,,,,
38,36,37,TRINIDAD AND TOBAGO,Republic of Trinidad and Tobago,TTO,5181.169906,,,,,,,,,,,,,,,,,,,,,,,,,,,,,,,,,,,,,,,,,,,,,,,,,,,,,,,,,,,,,,,,,,,,,,,,
39,37,38,COSTA RICA,Republic of Costa Rica,CRI,51222.36112,,,,,96.0,96.0,,,,,668.0,334.0,,,,,,,,,,,2801.0,311.222222222,,,,,758.0,252.666666667,,,,,,,,,,,,,,,,,,,,,,,,,,,,,,,,,,,,,,,,,,
40,38,39,FRANCE,France Republic,FRA,4.001414297,,,191.0,191.0,,,,,,,,,,,264.0,132.0,,,,,290.0,145.0,,,,,,,,,,,1434.0,239.0,,,,,,,,,,,,,,,,,,,,,,,,,,,,,,,,,,,,,,
41,164,165,FRANCE,France Republic,FRA,548780.4923,,,191.0,191.0,,,,,,,,,,,264.0,132.0,,,,,290.0,145.0,,,,,,,,,,,1434.0,239.0,,,,,,,,,,,,,,,,,,,,,,,,,,,,,,,,,,,,,,
42,39,40,PANAMA,Republic of Panama,PAN,75041.86065,,,,,326.0,326.0,,,,,775.0,258.333333333,,,,,,,,,,,466.0,233.0,,,,,,,,,,,505.0,252.5,,,,,,,,,,,,,,,,,,,,,,,,,,,,,,,,,,,,
43,40,41,MARSHALL ISLANDS,Republic of the Marshall Islands,MHL,199.2311082,,,,,,,,,,,,,,,,,,,,,,,,,,,,,,,,,,,,,,,,,,,,,,,,,,,,,,,,,,,,,,,,,,,,,,,,
44,41,42,PALAU,Republic of Palau,PLW,459.767486,,,,,,,,,,,,,,,,,,,,,,,,,,,,,,,,,,,,,,,,,,,,,,,,,,,,,,,,,,,,,,,,,,,,,,,,
45,42,43,KIRIBATI,Republic of Kiribati,KIR,1254.2552460000002,,,,,,,,,,,,,,,,,,,,,,,,,,,,,,,,,,,,,,,,,,,,,,,,,,,,,,,,,,,,,,,,,,,,,,,,
46,44,45,NAURU,Republic of Nauru,NRU,18.26231848,,,,,,,,,,,,,,,,,,,,,,,,,,,,,,,,,,,,,,,,,,,,,,,,,,,,,,,,,,,,,,,,,,,,,,,,
47,45,46,SOLOMON ISLANDS,Solomon Islands,SLB,28679.295130000002,,,,,,,,,,,,,,,,,,,,,,,2799.0,466.5,,,,,,,,,,,,,,,,,,,,,,,,,,,,,,,,,,,,,,,,,,,,,,,,
48,46,47,PAPUA NEW GUINEA,Independent State of Papua New Guinea,PNG,462195.9521,,,,,4474.0,745.666666667,,,,,,,,,,,621.0,310.5,,,,,97777.0,537.236263736,,,,,,,,,,,1598.0,532.666666667,,,,,,,,,,,,,,,,,,,,,,,,,,,,,,,,,,,415.0,415.0
49,47,48,COOK ISLANDS,Cook Islands,COK,248.92688769999998,,,,,,,,,,,,,,,,,,,,,,,,,,,,,,,,,,,,,,,,,,,,,,,,,,,,,,,,,,,,,,,,,,,,,,,,
50,48,49,AMERICAN SAMOA,American Samoa,ASM,211.0150755,,,,,,,,,,,,,,,,,,,,,,,,,,,,,,,,,,,,,,,,,,,,,,,,,,,,,,,,,,,,,,,,,,,,,,,,
51,49,50,AUSTRALIA,Commonwealth of Australia,AUS,7687234.094,,,1595.0,199.375,910.0,182.0,,,1226.0,175.142857143,533.0,106.6,,,,,162.0,81.0,,,,,,,,,,,,,,,,,8923.0,162.236363636,,,1449.0,72.45,9149.0,59.4090909091,,,,,,,,,764.0,76.4,13647.0,64.0704225352,,,,,,,,,,,,,,,,,,
52,50,51,VANUATU,Republic of Vanuatu,VUT,12231.70146,,,,,,,,,,,,,,,,,,,,,,,,,,,,,,,,,,,,,,,,,,,,,,,,,,,,,,,,,,,,,,,,,,,,,,,,
53,51,52,FIJI,Republic of Fiji Islands,FJI,18297.83486,,,,,,,,,,,,,,,,,,,,,,,,,,,,,,,,,,,,,,,,,,,,,,,,,,,,,,,,,,,,,,,,,,,,,,,,
54,52,53,TONGA,Kingdom of Tonga,TON,672.1649956,,,,,,,,,,,,,,,,,,,,,,,,,,,,,,,,,,,,,,,,,,,,,,,,,,,,,,,,,,,,,,,,,,,,,,,,
55,53,54,NIUE,Niue,NIU,266.1882028,,,,,,,,,,,,,,,,,,,,,,,,,,,,,,,,,,,,,,,,,,,,,,,,,,,,,,,,,,,,,,,,,,,,,,,,
56,54,55,NEW CALEDONIA,New Caledonia,NCL,18920.19167,,,,,,,,,,,,,,,,,,,,,,,,,,,,,,,,,,,,,,,,,,,,,,,,,,,,,,,,,,,,,,,,,,,,,,,,
57,55,56,PITCAIRN,Pitcairn,PCN,48.84709993,,,,,,,,,,,,,,,,,,,,,,,,,,,,,,,,,,,,,,,,,,,,,,,,,,,,,,,,,,,,,,,,,,,,,,,,
58,56,57,NORFOLK ISLAND,Norfolk Island,NFK,37.94197392,,,,,,,,,,,,,,,,,,,,,,,,,,,,,,,,,,,,,,,,,,,,,,,,,,,,,,,,,,,,,,,,,,,,,,,,
59,57,58,HEARD ISLAND AND MCDONALD ISLANDS,Heard Island and McDonald Islands,HMD,380.177539,,,,,,,,,,,,,,,,,,,,,,,,,,,,,,,,,,,,,,,,,,,,,,,,,,,,,,,,,,,,,,,,,,,,,,,,
60,58,59,BOUVET ISLAND,Bouvet Island,BVT,48.69151278,,,,,,,,,,,,,,,,,,,,,,,,,,,,,,,,,,,,,,,,,,,,,,,,,,,,,,,,,,,,,,,,,,,,,,,,
61,59,60,NORTHERN MARIANA ISLANDS,Commonwealth of the Northern Mariana Isl,MNP,1032.220901,,,,,,,,,,,,,,,,,,,,,,,,,,,,,,,,,,,,,,,,,,,,,,,,,,,,,,,,,,,,,,,,,,,,,,,,
62,60,61,ANTARCTICA,Antarctica,ATA,12538778.31,,,,,,,,,,,,,,,,,,,,,,,,,,,,,,,,,,,,,,,,,,,,,,,,,,,,,,,,,,,,,,,,,,,,,,,,
63,61,62,SOUTH GEORGIA AND THE SOUTH SANDWICH ISLANDS,South Georgia and the South Sandwich Isl,0,,,,,,,,,,,,,,,,,,,,,,,,,,,,,,,,,,,,,,,,,,,,,,,,,,,,,,,,,,,,,,,,,,,,,,,,,
64,62,63,TUVALU,Tuvalu,TUV,29.99761507,,,,,,,,,,,,,,,,,,,,,,,,,,,,,,,,,,,,,,,,,,,,,,,,,,,,,,,,,,,,,,,,,,,,,,,,
65,63,64,TOKELAU,Tokelau,TKL,20.04125197,,,,,,,,,,,,,,,,,,,,,,,,,,,,,,,,,,,,,,,,,,,,,,,,,,,,,,,,,,,,,,,,,,,,,,,,
66,64,65,FRENCH POLYNESIA,French Polynesia,PYF,3732.2419649999997,,,,,,,,,,,,,,,,,,,,,,,,,,,,,,,,,,,,,,,,,,,,,,,,,,,,,,,,,,,,,,,,,,,,,,,,
67,65,66,FRENCH SOUTHERN TERRITORIES,French Southern Territories,ATF,7569.51195,,,,,,,,,,,,,,,,,,,,,,,,,,,,,,,,,,,,,,,,,,,,,,,,,,,,,,,,,,,,,,,,,,,,,,,,
68,66,67,SAMOA,Independent State of Samoa,WSM,2877.209675,,,,,,,,,,,,,,,,,,,,,,,,,,,,,,,,,,,,,,,,,,,,,,,,,,,,,,,,,,,,,,,,,,,,,,,,
69,67,68,"MICRONESIA,FEDERATED STATES OF",Federated States of Micronesia,FSM,692.4422002,,,,,,,,,,,,,,,,,,,,,,,,,,,,,,,,,,,,,,,,,,,,,,,,,,,,,,,,,,,,,,,,,,,,,,,,
70,68,69,WALLIS AND FUTUNA,Wallis and Futuna,WLF,175.0271448,,,,,,,,,,,,,,,,,,,,,,,,,,,,,,,,,,,,,,,,,,,,,,,,,,,,,,,,,,,,,,,,,,,,,,,,
71,69,70,COCOS(KEELING) ISLANDS,Cocos (Keeling) Islands,CCK,18.03451674,,,,,,,,,,,,,,,,,,,,,,,,,,,,,,,,,,,,,,,,,,,,,,,,,,,,,,,,,,,,,,,,,,,,,,,,
72,70,71,PRINCE EDWARD ISLAND,Prince Edward Island,SF,332.9746025,,,,,,,,,,,,,,,,,,,,,,,,,,,,,,,,,,,,,,,,,,,,,,,,,,,,,,,,,,,,,,,,,,,,,,,,
73,71,72,NEW ZEALAND,New Zealand,NZL,270408.5953,,,2812.0,468.666666667,,,,,,,,,,,2459.0,409.833333333,,,,,849.0,283.0,,,,,,,,,,,,,,,,,,,,,,,,,,,,,,,,,,,,,,,,,,,,,,,,,,
74,72,73,WAKE ISLAND,United States Of America,USA,10.07222385,,,,,,,,,,,,,,,,,,,,,,,,,,,,,,,,,,,,,,,,,,,,,,,,,,,,,,,,,,,,,,,,,,,,,,,,
75,73,74,ALGERIA,Democratic People,DZA,2316558.659,,,,,,,,,,,,,,,,,,,,,,,912.0,228.0,,,,,,,,,,,,,,,630.0,105.0,1179.0,51.2608695652,,,,,,,,,,,557.0,19.2068965517,,,,,,,,,,,,,,,,,,
76,74,75,TUNISIA,Republic of Tunisia,TUN,155176.5724,,,,,,,,,,,,,,,,,,,,,,,,,,,,,,,,,,,153.0,76.5,,,,,581.0,48.4166666667,,,,,,,,,,,88.0,29.3333333333,,,,,,,,,,,,,,,,,,
77,75,76,LIBYA,Great Socialist People,LBY,1616872.9630000002,,,,,,,,,,,,,,,,,,,,,,,,,,,,,,,,,,,,,,,,,450.0,37.5,,,,,,,,,,,968.0,22.511627907,,,,,,,,,,,,,,,,,,
78,76,77,MOROCCO,Kingdom of Morocco,MAR,406318.1234,,,,,,,,,,,151.0,151.0,,,,,,,,,,,70.0,70.0,,,,,,,,,,,,,,,,,64.0,64.0,,,,,,,,,,,45.0,22.5,,,,,,,,,,,,,,,,,,
79,77,78,EGYPT,Arab Republic of Egypt,EGY,982443.2049,,,,,264.0,264.0,,,,,131.0,21.8333333333,,,,,196.0,65.3333333333,,,,,1308.0,186.857142857,,,,,,,,,,,613.0,76.625,,,,,406.0,50.75,,,,,,,,,,,281.0,21.6153846154,,,,,,,,,,,,,,,,,,
80,78,79,WESTERN SAHARA,Western Sahara,ESH,266829.9047,,,,,,,,,,,,,,,,,,,,,,,,,,,,,,,,,,,,,,,,,74.0,37.0,,,,,,,,,,,147.0,24.5,,,,,,,,,,,,,,,,,,
81,79,80,MALI,Republic of Mali,MLI,1251575.03,,,,,259.0,32.375,,,,,178.0,89.0,,,,,693.0,77.0,,,,,6839.0,68.39,,,,,,,,,,,,,,,,,58.0,29.0,,,,,,,,,,,250.0,22.7272727273,,,,,,,,,,,,,,,,,,
82,80,81,MAURITANIA,Islamic Republic of Mauritania,MRT,1040735.878,,,,,,,,,,,,,,,,,,,,,,,344.0,43.0,,,,,,,,,,,,,,,,,159.0,15.9,,,,,,,,,,,386.0,24.125,,,,,,,,,,,,,,,,,,
83,81,82,NIGER,Republic of Niger,NER,1183765.115,,,,,413.0,103.25,,,,,,,,,,,,,,,,,599.0,33.2777777778,,,,,,,,,,,,,,,,,449.0,20.4090909091,,,,,,,,,,,1693.0,27.7540983607,,,,,,,,,,,,,,,,,,
84,82,83,SUDAN,Republic of the Sudan,SDN,2503819.274,,,,,1185.0,131.666666667,,,,,87.0,87.0,,,,,79.0,79.0,,,,,16586.0,125.651515152,,,,,,,,,,,22.0,22.0,,,,,408.0,51.0,,,,,,,,,,,1507.0,29.5490196078,,,,,,,,,,,,,,,,,,
85,83,84,SENEGAL,Republic of Senegal,SEN,196761.3348,,,,,26.0,26.0,,,,,,,,,,,90.0,45.0,,,,,1382.0,81.2941176471,,,,,,,,,,,1088.0,181.333333333,,,,,,,,,,,,,,,,,,,,,,,,,,,,,,,,,,,,
86,84,85,CAPE VERDE,Republic of Cape Verde,CPV,4057.6219229999997,,,,,,,,,,,,,,,,,,,,,,,,,,,,,,,,,,,,,,,,,,,,,,,,,,,,,,,,,,,,,,,,,,,,,,,,
87,85,86,ETHIOPIA,Federal Democratic Republic of Ethiopia,ETH,1127581.386,,,,,1537.0,192.125,,,,,,,,,,,285.0,142.5,,,,,3683.0,127.0,,,,,,,,,,,,,,,,,80.0,80.0,,,,,,,,,,,401.0,100.25,,,,,,,,,,,,,,,,,,
88,86,87,GAMBIA,Republic of the Gambia,GMB,10797.237720000001,,,,,,,,,,,,,,,,,,,,,,,323.0,107.666666667,,,,,,,,,,,499.0,249.5,,,,,,,,,,,,,,,,,,,,,,,,,,,,,,,,,,,,
89,87,88,BURKINA FASO,Burkina Faso,BFA,273366.652,,,,,,,,,,,86.0,86.0,,,,,,,,,,,1388.0,73.0526315789,,,,,,,,,,,,,,,,,100.0,50.0,,,,,,,,,,,,,,,,,,,,,,,,,,,,,,
90,88,89,ERITREA,State of Eritrea,ERI,122099.1486,,,,,,,,,,,,,,,,,,,,,,,,,,,,,,,,,,,,,,,,,,,,,,,,,,,,,,,,,,,,,,,,,,,,,,,,
91,89,90,GUINEA-BISSAU,Republic of Guinea-Bissau,GNB,33973.2571,,,,,324.0,162.0,,,,,,,,,,,,,,,,,224.0,112.0,,,,,,,,,,,2719.0,302.111111111,,,,,,,,,,,,,,,,,,,,,,,,,,,,,,,,,,,,
92,90,91,DJIBOUTI,Republic of Djibouti,DJI,21679.33687,,,,,82.0,82.0,,,,,,,,,,,,,,,,,,,,,,,,,,,,,,,,,,,,,,,,,,,,,,,185.0,61.6666666667,,,,,,,,,,,,,,,,,,
93,91,92,GUINEA,Republic of Guinea,GIN,244871.5797,,,,,,,,,,,,,,,,,,,,,,,410.0,102.5,,,,,,,,,,,1338.0,223.0,,,,,,,,,,,,,,,,,,,,,,,,,,,,,,,,,,,,
94,92,93,CHAD,Republic of Chad,TCD,1269963.0890000002,,,,,2940.0,113.076923077,,,,,,,,,,,,,,,,,22840.0,97.1914893617,,,,,,,,,,,,,,,,,571.0,30.0526315789,,,,,,,,,,,2006.0,37.8490566038,,,,,,,,,,,,,,,,,,
95,93,94,NIGERIA,Federal Republic of Nigeria,NGA,909481.587,,,,,2640.0,188.571428571,,,,,553.0,79.0,,,,,4289.0,306.357142857,,,,,11104.0,91.0163934426,,,,,6276.0,272.869565217,,,,,3272.0,467.428571429,,,,,,,,,,,,,,,,,188.0,47.0,,,,,,,,,,,,,,,,,,
96,94,95,COTE Dl IVOIRE,Republic of Cote df Ivoire,CIV,321881.8984,,,,,466.0,116.5,,,,,385.0,96.25,,,,,104.0,104.0,,,,,958.0,106.444444444,,,,,,,,,,,250.0,125.0,,,,,,,,,,,,,,,,,,,,,,,,,,,,,,,,,,,,
97,95,96,CENTRAL AFRICAN REPUBLIC,Central African Republic,CAF,620200.155,,,,,,,,,,,,,,,,,,,,,,,6956.0,122.035087719,,,,,,,,,,,,,,,,,,,,,,,,,,,,,,,,,,,,,,,,,,,,,,,,
98,96,97,GHANA,Republic of Ghana,GHA,238760.7641,,,,,76.0,76.0,,,,,1006.0,100.6,,,,,,,,,,,476.0,79.3333333333,,,,,,,,,,,,,,,,,,,,,,,,,,,,,,,,,,,,,,,,,,,,,,,,
99,97,98,SIERRA LEONE,Republic of Sierra Leone,SLE,72322.22045,,,,,,,,,,,,,,,,,,,,,,,1220.0,174.285714286,,,,,,,,,,,396.0,198.0,,,,,,,,,,,,,,,,,,,,,,,,,,,,,,,,,,,,
100,98,99,BENIN,Republic of Benin,BEN,115542.4004,,,,,,,,,,,,,,,,,,,,,,,1343.0,111.916666667,,,,,,,,,,,,,,,,,,,,,,,,,,,,,,,,,,,,,,,,,,,,,,,,
101,99,100,TOGO,Republic of Togo,TGO,57038.15154,,,,,,,,,,,,,,,,,,,,,,,175.0,87.5,,,,,,,,,,,,,,,,,,,,,,,,,,,,,,,,,,,,,,,,,,,,,,,,
102,100,101,LIBERIA,Republic of Liberia,LBR,95877.65352,,,,,,,,,,,,,,,,,,,,,,,288.0,288.0,,,,,,,,,,,211.0,211.0,,,,,,,,,,,,,,,,,,,,,,,,,,,,,,,,,,,,
103,101,102,CAMEROON,Republic of Cameroon,CMR,466295.00399999996,,,,,1873.0,312.166666667,,,,,557.0,557.0,,,,,,,,,,,4761.0,132.25,,,,,,,,,,,1703.0,340.6,,,,,,,,,,,,,,,,,,,,,,,,,,,,,,,,,,,,
104,102,103,UGANDA,Republic of Uganda,UGA,241278.0742,,,,,2353.0,213.909090909,,,,,,,,,,,,,,,,,6056.0,173.028571429,,,,,,,,,,,,,,,,,,,,,,,,,,,,,,,,,,,,,,,,,,,,,,,,
105,103,104,EQUATORIAL GUINEA,Republic of Equatorial Guinea,GNQ,26987.408089999997,,,,,,,,,,,,,,,,,1174.0,391.333333333,,,,,,,,,,,,,,,,,,,,,,,,,,,,,,,,,,,,,,,,,,,,,,,,,,,,,,
106,104,105,CONGO,Republic of Congo,COG,341573.5927,,,,,110.0,110.0,,,,,515.0,128.75,,,,,1093.0,273.25,,,,,5369.0,185.137931034,,,,,35633.0,272.007633588,,,,,,,,,,,,,,,,,,,,,,,,,,,,,,,,,,,,,,,,,,
107,105,106,SAO TOME AND PRINCIPE,Democratic Republic of Sao Tome and Prin,STP,1008.589455,,,,,,,,,,,,,,,,,,,,,,,,,,,,,,,,,,,,,,,,,,,,,,,,,,,,,,,,,,,,,,,,,,,,,,,,
108,106,107,GABON,Gabonese Republic,GAB,264715.5055,,,,,4044.0,505.5,,,,,,,,,,,1258.0,419.333333333,,,,,2474.0,224.909090909,,,,,512.0,512.0,,,,,4804.0,480.4,,,,,,,,,,,,,,,,,,,,,,,,,,,,,,,,,,,,
109,107,108,SOMALIA,Somalia Republic,SOM,633216.8448,,,,,,,,,,,,,,,,,,,,,,,2473.0,77.28125,,,,,,,,,,,66.0,66.0,,,,,,,,,,,,,,,,,291.0,58.2,,,,,,,,,,,,,,,,,,
110,108,109,RWANDA,Republic of Rwanda,RWA,25205.7111,,,,,,,,,,,,,,,,,,,,,,,149.0,149.0,,,,,,,,,,,,,,,,,,,,,,,,,,,,,,,,,,,,,,,,,,,,,,,,
111,109,110,KENYA,Republic of Kenya,KEN,582253.3621,,,,,854.0,122.0,,,,,,,,,,,,,,,171.0,171.0,3838.0,75.2549019608,,,,,,,,,,,129.0,129.0,,,,,178.0,59.3333333333,,,,,,,,,,,,,,,,,,,,,,,,,,,,,,
112,110,111,"CONGO,THE DEMOCRATIC REPUBLIC OF THE",Democratic Republic of Congo,COD,2327985.866,,,,,4520.0,180.8,,,,,,,,,,,6952.0,198.628571429,,,,,11555.0,132.816091954,,,,,47083.0,245.223958333,,,,,,,,,,,,,,,,,,,,,,,,,,,,,,,,,,,,,,,,,,
113,111,112,BURUNDI,Republic of Burundi,BDI,26948.634319999997,,,,,,,,,,,,,,,,,,,,,,,113.0,113.0,,,,,,,,,,,,,,,,,,,,,,,,,,,,,,,,,,,,,,,,,,,,,,,,
114,112,113,TANZANIA,United Republic of Tanzania,TZA,941757.4092,,,,,2614.0,130.7,,,,,65.0,65.0,,,,,,,,,108.0,108.0,11542.0,121.494736842,,,,,,,,,,,,,,,,,,,,,,,,,,,,,,,,,,,,,,,,,,,,,,,,
115,113,114,ANGOLA,Angola,AGO,1247356.613,,,,,364.0,72.8,,,,,35.0,35.0,,,,,,,,,,,3684.0,136.444444444,,,,,127.0,127.0,,,,,878.0,439.0,,,,,615.0,38.4375,,,,,,,,,,,62.0,31.0,,,,,,,,,,,,,,,,,,
116,114,115,SEYCHELLES,Republic of Seychelles,SYC,475.82940460000003,,,,,,,,,,,,,,,,,,,,,,,,,,,,,,,,,,,,,,,,,,,,,,,,,,,,,,,,,,,,,,,,,,,,,,,,
117,115,116,MALAWI,Republic of Malawi,MWI,118061.7673,,,,,1518.0,151.8,,,,,,,,,,,,,,,,,308.0,77.0,,,,,,,,,,,,,,,,,,,,,,,,,,,,,,,,,,,,,,,,,,,,,,,,
118,116,117,MAYOTTE,Mayotte,MYT,386.1746462,,,,,,,,,,,,,,,,,,,,,,,,,,,,,,,,,,,,,,,,,,,,,,,,,,,,,,,,,,,,,,,,,,,,,,,,
119,117,118,ZAMBIA,Republic of Zambia,ZMB,751315.3681,,,,,840.0,168.0,,,,,397.0,198.5,,,,,565.0,141.25,,,,,19191.0,142.155555556,,,,,,,,,,,,,,,,,,,,,,,,,,,,,,,,,,,,,,,,,,,,,,,,
120,118,119,MADAGASCAR,Republic of Madagascar,MDG,591604.7716,,,,,259.0,86.3333333333,,,,,,,,,,,186.0,93.0,,,,,1424.0,142.4,,,,,,,,,,,834.0,208.5,,,,,,,,,,,,,,,,,188.0,188.0,,,,,,,,,,,,,,,,,,
121,119,120,MOZAMBIQUE,Republic of Mozambique,MOZ,786095.1052,,,,,548.0,109.6,,,,,849.0,77.1818181818,,,,,67.0,67.0,,,,,5791.0,111.365384615,,,,,,,,,,,3096.0,147.428571429,,,,,,,,,,,,,,,,,,,,,,,,,,,,,,,,,,,,
122,120,121,MAURITIUS,Republic of Mauritius,MUS,2016.1086300000002,,,,,,,,,,,,,,,,,,,,,,,,,,,,,,,,,,,,,,,,,,,,,,,,,,,,,,,,,,,,,,,,,,,,,,,,
123,121,122,ZIMBABWE,Republic of Zimbabwe,ZWE,390648.4168,,,,,,,,,,,350.0,116.666666667,,,,,,,,,,,,,,,,,,,,,,,,,,,,,,,,,,,,,,,,,,,,,,,,,,,,,,,,,,,,
124,122,123,REUNION,Reunion,REU,2541.056469,,,,,,,,,,,,,,,,,,,,,,,,,,,,,,,,,,,,,,,,,,,,,,,,,,,,,,,,,,,,,,,,,,,,,,,,
125,123,124,NAMIBIA,Republic of Namibia,NAM,824206.0837,,,,,134.0,67.0,,,,,,,,,,,,,,,,,669.0,223.0,,,,,,,,,,,113.0,56.5,,,,,1195.0,31.4473684211,,,,,,,,,,,391.0,27.9285714286,,,,,,,,,,,,,,,,,,
126,124,125,BOTSWANA,Republic of Botswana,BWA,578083.4896,,,,,259.0,129.5,,,,,,,,,,,,,,,,,3975.0,110.416666667,,,,,,,,,,,,,,,,,1676.0,98.5882352941,,,,,,,,,,,950.0,29.6875,,,,,,,,,,,,,,,,,,
127,125,126,SWAZILAND,Kingdom of Swaziland,SWZ,17289.52835,,,,,,,,,,,,,,,,,,,,,,,,,,,,,,,,,,,,,,,,,,,,,,,,,,,,,,,,,,,,,,,,,,,,,,,,
128,126,127,LESOTHO,Kingdom of Lesotho,LSO,30453.53726,,,,,,,,,,,,,,,,,,,,,224.0,224.0,,,,,,,,,,,,,,,,,,,,,,,,,,,,,,,,,,,,,,,,,,,,,,,,,,
129,127,128,SOUTH AFRICA,Republic of South Africa,ZAF,1220060.753,,,,,132.0,132.0,,,244.0,61.0,52.0,52.0,,,121.0,60.5,,,,,,,1022.0,170.333333333,,,,,,,,,,,,,,,,,444.0,26.1176470588,,,,,,,,,,,278.0,30.8888888889,,,,,,,,,,,,,,,,,,
130,128,129,SAINT HELENA,Saubt Helena,SHN,410.5912019,,,,,,,,,,,,,,,,,,,,,,,,,,,,,,,,,,,,,,,,,,,,,,,,,,,,,,,,,,,,,,,,,,,,,,,,
131,129,130,COMOROS,Comoros,COM,1671.323537,,,,,,,,,,,,,,,,,,,,,,,,,,,,,,,,,,,,,,,,,,,,,,,,,,,,,,,,,,,,,,,,,,,,,,,,
132,130,131,CANARIAS,Kingdom of Spain,ESP,7464.561745,,,,,,,,,,,,,,,,,,,,,,,,,,,,,,,,,,,,,,,,,,,,,,,,,,,,,,,,,,,,,,,,,,,,,,,,
133,131,132,MADEIRA,Portuguess Republic,PRT,819.3084231,,,,,,,,,,,,,,,,,,,,,,,,,,,,,,,,,,,,,,,,,,,,,,,,,,,,,,,,,,,,,,,,,,,,,,,,
134,132,133,VENEZUELA,Republic of Venezuela,VEN,912556.535,,,,,1109.0,221.8,,,,,213.0,106.5,,,,,4957.0,198.28,,,,,16672.0,173.666666667,,,,,21911.0,175.288,,,,,3021.0,302.1,,,,,,,,,,,,,,,,,,,,,,,,,,,,,,,,,,,,
135,133,134,GUYANA,Guyana,GUY,210024.7374,,,,,,,,,,,,,,,,,1010.0,202.0,,,,,5779.0,222.269230769,,,,,6257.0,521.416666667,,,,,,,,,,,,,,,,,,,,,,,,,,,,,,,,,,,,,,,,,,
136,134,135,SURINAME,Republic of Suriname,SUR,146101.2373,,,,,535.0,133.75,,,,,878.0,219.5,,,,,,,,,,,1255.0,313.75,,,,,10247.0,353.344827586,,,,,,,,,,,,,,,,,,,,,,,,,,,,,,,,,,,,,,,,,,
137,135,136,FRENCH GUIANA,French Guiana,GUF,83266.55037000001,,,,,,,,,,,,,,,,,,,,,,,1350.0,450.0,,,,,1752.0,219.0,,,,,617.0,308.5,,,,,,,,,,,,,,,,,,,,,,,,,,,,,,,,,,,,
138,136,137,ECUADOR,Republic of Ecuador,ECU,256211.5331,,,,,,,,,,,445.0,111.25,,,,,2193.0,438.6,,,,,,,,,,,8942.0,298.066666667,,,,,1731.0,346.2,,,,,,,,,,,,,,,,,,,,,,,,,,,,,,,,,,,,
139,137,138,BRAZIL,Federative Republic of Brazil,BRA,8484839.225,,,,,11419.0,207.618181818,,,,,6285.0,125.7,,,,,33605.0,250.78358209,,,,,42538.0,156.389705882,,,,,220544.0,174.067876875,,,,,19392.0,359.111111111,,,,,,,,,,,,,,,,,,,,,,,,,,,,,,,,,,,,
140,138,139,BOLIVIA,Republic of Bolivia,BOL,1085047.2659999998,58.0,58.0,1027.0,146.714285714,178.0,178.0,,,,,,,,,,,783.0,130.5,,,,,5126.0,165.35483871,,,,,4342.0,173.68,,,,,,,,,1340.0,53.6,,,,,,,,,,,,,,,,,,,,,,,,,,,,,,,,
141,139,140,PERU,Republic of Peru,PER,1291445.152,,,920.0,230.0,897.0,299.0,,,,,,,,,,,9691.0,510.052631579,,,,,4315.0,616.428571429,,,,,157443.0,615.01171875,,,,,204.0,102.0,,,,,160.0,160.0,,,,,,,,,,,185.0,92.5,,,,,,,,,,,,,,,,,,
142,140,141,PARAGUAY,Republic of Paraguay,PRY,399381.08200000005,,,,,295.0,295.0,,,,,468.0,234.0,,,,,439.0,219.5,,,,,28464.0,168.426035503,,,,,,,,,,,,,,,,,,,,,,,,,,,,,,,,,,,,,,,,,,,,,,,,
143,141,142,ARGENTINA,Argentina,ARG,2779705.337,1418.0,354.5,2120.0,176.666666667,1351.0,193.0,,,368.0,73.6,365.0,182.5,,,,,1611.0,201.375,,,3115.0,124.6,35571.0,219.574074074,,,,,,,,,,,,,831.0,55.4,2074.0,76.8148148148,3211.0,84.5,,,,,,,,,119.0,59.5,,,,,,,,,,,,,,,,,,,,
144,142,143,URUGUAY,Oriental Republic of Uruguay,URY,178158.2042,,,212.0,212.0,,,,,,,1080.0,154.285714286,,,,,491.0,245.5,,,,,,,,,,,,,,,,,,,,,,,,,,,,,,,,,,,,,,,,,,,,,,,,,,,,,,
145,143,144,CHILE,Republic of Chile,CHL,754236.8785,1511.0,503.666666667,5858.0,585.8,,,,,,,,,,,471.0,471.0,,,,,,,,,,,,,,,,,,,,,348.0,58.0,425.0,53.125,152.0,50.6666666667,,,,,,,42.0,42.0,,,,,,,,,,,,,,,,,,,,,,
146,144,145,FALKLAND ISLANDS(MALVINAS),Falkland Islands (Malvinas),FLK,12035.6253,,,,,,,,,,,,,,,,,,,,,,,,,,,,,,,,,,,,,,,,,,,,,,,,,,,,,,,,,,,,,,,,,,,,,,,,
147,146,147,SVALBARD AND JAN MAYEN,Svalbard and Jan Mayen,SJM,61644.59024,,,,,,,,,,,,,,,,,,,,,,,,,,,,,,,,,,,,,,,,,,,,,,,,,,,,,,,,,,,,,,,,,,,,,,,,
148,147,148,RUSSIAN FEDERATION,Russian Federation,RUS,16944385.18,205211.0,693.280405405,11054.0,502.454545455,,,18112.0,476.631578947,7322.0,348.666666667,,,100860.0,686.12244898,4701.0,470.1,,,1131300.0,886.598746082,28412.0,437.107692308,,,,,,,,,62718.0,922.323529412,2329.0,776.333333333,,,901.0,901.0,,,,,740316.0,729.375369458,,,,,3924.0,560.571428571,1231.0,205.166666667,,,,,,,,,,,,,,,,,,,,
149,148,149,SWEDEN,Kingdom of Sweden,SWE,449206.152,12311.0,473.5,10864.0,388.0,,,344.0,344.0,,,,,,,250.0,250.0,,,14707.0,525.25,2163.0,360.5,,,,,,,,,,,,,,,,,,,,,,,,,,,,,,,,,,,,,,,,,,,,,,,,,,
150,149,150,ICELAND,Republic of Iceland,ISL,102565.9233,350.0,350.0,,,,,,,,,,,,,,,,,2163.0,432.6,,,,,,,,,,,1878.0,268.285714286,236.0,236.0,,,,,,,,,,,,,,,,,,,,,,,,,,,,,,,,,,,,,,
151,150,151,NORWAY,Kingdom of Norway,NOR,324261.0278,3323.0,369.222222222,444.0,444.0,,,,,264.0,264.0,,,,,,,,,,,,,,,,,,,,,,,,,,,,,,,,,,,,,,,,,,,,,,,,,,,,,,,,,,,,,,
152,151,152,FAROE ISLANDS,Faroe Islands,FRO,1416.190985,,,,,,,,,,,,,,,,,,,,,,,,,,,,,,,,,,,,,,,,,,,,,,,,,,,,,,,,,,,,,,,,,,,,,,,,
153,152,153,FINLAND,Republic of Finland,FIN,336890.7873,10839.0,471.260869565,6214.0,388.375,,,2869.0,573.8,974.0,487.0,,,,,,,,,1192.0,596.0,,,,,,,,,,,,,,,,,,,,,,,,,,,,,,,,,,,,,,,,,,,,,,,,,,,,
154,153,154,UNITED KINGDOM,United Kingdom of Great Britain and Nort,GBR,245081.0959,,,3908.0,558.285714286,,,,,,,,,,,,,,,,,,,,,,,,,,,,,292.0,292.0,,,,,,,,,,,15557.0,707.136363636,,,,,,,,,,,,,,,,,,,,,,,,,,
155,154,155,ESTONIA,Estonia,EST,45438.02661,,,346.0,346.0,,,,,,,,,,,,,,,,,,,,,,,,,,,,,433.0,433.0,,,,,,,,,,,,,,,,,,,,,,,,,,,,,,,,,,,,,,
156,155,156,LATVIA,Republic of Latvia,LVA,64562.57707000001,,,1922.0,640.666666667,,,,,,,,,,,,,,,,,,,,,,,,,,,,,,,,,,,,,,,,,,,,,,,,,,,,,,,,,,,,,,,,,,,,
157,156,157,LITHUANIA,Republic of Lithuania,LTU,64945.40004,,,959.0,479.5,,,,,,,,,,,,,,,,,,,,,,,,,,,,,,,,,,,,,,,,,,,,,,,,,,,,,,,,,,,,,,,,,,,,
158,157,158,DENMARK,Kingdom of Denmark,DNK,44440.771010000004,,,406.0,406.0,,,,,,,,,,,,,,,,,,,,,,,,,,,,,712.0,712.0,,,,,,,,,,,,,,,,,,,,,,,,,,,,,,,,,,,,,,
159,158,159,BELARUS,Repubic of Belarus,BLR,207604.6658,,,495.0,495.0,,,,,,,,,,,,,,,,,8186.0,355.913043478,,,,,,,,,,,,,,,,,,,,,,,,,,,,,,,,,,,,,,,,,,,,,,,,,,
160,159,160,GERMANY,Federal Republic of Germany,DEU,357241.7904,,,1933.0,276.142857143,,,,,,,,,,,,,,,,,,,,,,,,,,,,,2450.0,490.0,,,,,,,,,,,,,,,,,,,,,,,,,,,,,,,,,,,,,,
161,160,161,NETHERLANDS,Kingdom of the Netherlands,NLD,35025.41165,,,,,,,,,,,,,,,,,,,,,,,,,,,,,,,,,392.0,196.0,,,,,593.0,593.0,,,,,,,,,,,,,,,,,,,,,,,,,,,,,,,,
162,161,162,POLAND,Republic of Poland,POL,311947.3799,,,1935.0,322.5,,,,,,,,,,,,,,,,,2133.0,426.6,,,,,,,,,,,,,,,,,,,,,,,,,,,,,,,,,,,,,,,,,,,,,,,,,,
163,162,163,IRELAND,Ireland,IRL,69809.49477,,,1147.0,382.333333333,,,,,,,,,,,,,,,,,,,,,,,,,,,,,,,,,,,,,,,,,587.0,587.0,,,,,,,,,,,,,,,,,,,,,,,,,,
164,163,164,BELGIUM,Kingdom of Belgium,BEL,30613.064410000003,,,,,,,,,,,,,,,,,,,,,,,,,,,,,,,,,,,,,,,,,,,,,,,,,,,,,,,,,,,,,,,,,,,,,,,,
165,165,166,LUXEMBOURG,Grand Duchy of Luxembourg,LUX,2620.6908510000003,,,,,,,,,,,,,,,,,,,,,,,,,,,,,,,,,,,,,,,,,,,,,,,,,,,,,,,,,,,,,,,,,,,,,,,,
166,166,167,CZECH REPUBLIC,Czech Republic,CZE,78888.46523,,,183.0,183.0,,,,,,,,,,,,,,,,,188.0,188.0,,,,,,,,,,,,,,,,,,,,,,,,,,,,,,,,,,,,,,,,,,,,,,,,,,
167,167,168,SLOVAKIA,Slovakia Republic,SVK,49028.59955,,,,,,,,,,,,,,,,,,,,,,,,,,,,,,,,,,,,,,,,,,,,,,,,,,,,,,,,,,,,,,,,,,,,,,,,
168,168,169,MOLDOVA,Republic of Moldova,MDA,34059.92456,,,153.0,153.0,,,,,,,,,,,,,,,,,,,,,,,,,,,,,150.0,150.0,,,,,,,,,,,,,,,,,,,,,,,,,,,,,,,,,,,,,,
169,169,170,AUSTRIA,Republic of Austria,AUT,83964.31529,,,451.0,225.5,,,,,,,,,,,,,,,,,,,,,,,,,,,,,,,,,,,408.0,408.0,,,398.0,398.0,,,,,,,,,,,,,,,,,,,,,,,,,,,,
170,170,171,HUNGARY,Republic of Hungary,HUN,93118.72721,,,136.0,136.0,,,,,,,,,,,112.0,112.0,,,,,,,,,,,,,,,,,,,,,,,,,,,,,,,,,,,,,,,,,,,,,,,,,,,,,,,,
171,171,172,SWITZERLAND,Switzerland,CHE,41261.583230000004,,,539.0,269.5,,,,,,,,,,,,,,,,,,,,,,,,,,,,,,,,,,,,,,,,,,,,,,,,,,,,,,,,,,,,,,,,,,,,
172,172,173,LIECHTENSTEIN,Principality of Liechtenstein,LIE,150.9853548,,,,,,,,,,,,,,,,,,,,,,,,,,,,,,,,,,,,,,,,,,,,,,,,,,,,,,,,,,,,,,,,,,,,,,,,
173,173,174,SLOVENIA,Republic of Slovenia,SVN,20682.72426,,,,,,,,,,,,,,,,,,,,,,,,,,,,,,,,,,,,,,,,,,,,,,,,,,,,,,,,,,,,,,,,,,,,,,,,
174,174,175,ROMANIA,Romania,ROM,237980.2916,,,2320.0,386.666666667,,,,,,,,,,,994.0,248.5,,,,,812.0,203.0,,,,,,,,,,,1579.0,315.8,,,,,,,,,,,,,,,,,,,,,,,,,,,,,,,,,,,,,,
175,175,176,SERBIA,Republic of Serbia,SEB,88477.99418,,,,,,,,,,,,,,,,,,,,,,,,,,,,,,,,,,,,,,,,,,,,,,,,,,,,,,,,,,,,,,,,,,,,,,,,
176,176,177,UKRAINE,Ukraine,UKR,600352.9629,,,1069.0,267.25,,,,,1520.0,253.333333333,,,,,288.0,288.0,,,,,6274.0,272.782608696,,,,,,,,,,,2047.0,292.428571429,,,,,,,,,,,,,,,,,,,,,,,,,,,,,,,,,,,,,,
177,177,178,BOSNIA AND HERZEGOVINA,Bosnia and Herzegovina,BIH,50992.523839999994,,,,,,,,,,,,,,,,,,,,,,,,,,,,,,,,,,,,,,,,,,,,,,,,,,,,,,,,,,,,,,,,,,,,,,,,
178,178,179,CROATIA,Republic of Croatia,HRV,56375.584689999996,,,165.0,165.0,,,,,,,,,,,,,,,,,,,,,,,,,,,,,,,,,,,,,,,,,,,,,,,,,,,,,,,,,,,,,,,,,,,,
179,179,180,SAN MARINO,Republic of San Marino,SMR,60.04328506,,,,,,,,,,,,,,,,,,,,,,,,,,,,,,,,,,,,,,,,,,,,,,,,,,,,,,,,,,,,,,,,,,,,,,,,
180,180,181,MONACO,Principality of Monaco,MCO,8.434797528999999,,,,,,,,,,,,,,,,,,,,,,,,,,,,,,,,,,,,,,,,,,,,,,,,,,,,,,,,,,,,,,,,,,,,,,,,
181,181,182,ITALY,Italian Republic,ITA,301632.6124,,,,,,,,,,,,,,,305.0,152.5,,,,,,,,,,,,,,,,,746.0,373.0,,,,,,,,,,,,,,,,,,,,,,,,,,,,,,,,,,,,,,
182,182,183,BULGARIA,Republic of Bulgaria,BGR,111300.481,,,,,,,,,,,,,,,375.0,375.0,,,,,162.0,162.0,,,,,,,,,,,,,,,,,,,,,,,,,,,,,,,,,,,,,,,,,,,,,,,,,,
183,183,184,ANDORRA,Andorra,AND,474.6374715,,,,,,,,,,,,,,,,,,,,,,,,,,,,,,,,,,,,,,,,,,,,,,,,,,,,,,,,,,,,,,,,,,,,,,,,
184,184,185,"MACEDONIA,THE FORMER YUGOSLAV REPUBLIC OF",The former Yugoslav Republic of Macedoni,MKD,25423.858630000002,,,,,,,,,,,,,,,,,,,,,,,,,,,,,,,,,,,,,,,,,,,,,,,,,,,,,,,,,,,,,,,,,,,,,,,,
185,185,186,MONTENEGRO,Reoublic of Montenegro,YUG,13780.271969999998,,,469.0,234.5,,,,,,,,,,,,,,,,,,,,,,,,,,,,,,,,,,,,,,,,,,,,,,,,,,,,,,,,,,,,,,,,,,,,
186,186,187,VATICAN,Vatican City State,VAT,0.60955392,,,,,,,,,,,,,,,,,,,,,,,,,,,,,,,,,,,,,,,,,,,,,,,,,,,,,,,,,,,,,,,,,,,,,,,,
187,187,188,ALBANIA,Albania,ALB,28486.10949,,,154.0,154.0,,,,,,,,,,,,,,,,,,,,,,,,,,,,,,,,,,,,,,,,,,,,,,,,,,,,,,,,,,,,,,,,,,,,
188,188,189,GREECE,Hellenic Republic,GRC,132565.1982,,,307.0,153.5,,,,,136.0,136.0,,,,,,,,,,,,,,,,,,,,,,,,,,,,,,,,,,,,,,,,,,,,,,,,,,,,,,,,,,,,,,
189,189,190,GIBRALTAR,Gibraltar,GIB,5.712251571,,,,,,,,,,,,,,,,,,,,,,,,,,,,,,,,,,,,,,,,,,,,,,,,,,,,,,,,,,,,,,,,,,,,,,,,
190,190,191,MALTA,Republic of Malta,MLT,313.5249736,,,,,,,,,,,,,,,,,,,,,,,,,,,,,,,,,,,,,,,,,,,,,,,,,,,,,,,,,,,,,,,,,,,,,,,,
191,191,192,PORTUGAL,Portuguess Republic,PRT,91159.12713,,,341.0,170.5,,,,,,,,,,,,,,,,,,,,,,,,,,,,,,,,,,,,,,,,,,,,,,,,,,,,,,,,,,,,,,,,,,,,
192,192,193,SPAIN,Kingdom of Spain,ESP,498250.63899999997,,,199.0,99.5,,,,,973.0,162.166666667,,,,,,,,,,,,,,,,,,,,,,,109.0,109.0,604.0,151.0,,,,,,,,,,,,,,,,,145.0,145.0,,,,,,,,,,,,,,,,,,
193,193,194, , ,cp3,75.95435955,,,,,,,,,,,,,,,,,,,,,,,,,,,,,,,,,,,,,,,,,,,,,,,,,,,,,,,,,,,,,,,,,,,,,,,,
194,195,196, , ,cp2,60.08245691,,,,,,,,,,,,,,,,,,,,,,,,,,,,,,,,,,,,,,,,,,,,,,,,,,,,,,,,,,,,,,,,,,,,,,,,
195,194,195,TURKMENISTAN,Turkmenistan,TKM,489386.5961,,,,,35.0,35.0,,,31.0,31.0,,,,,67.0,67.0,46.0,46.0,,,,,86.0,86.0,,,,,,,,,,,,,,,,,,,,,,,,,,,878.0,46.2105263158,816.0,62.7692307692,,,,,,,,,,,,,,,,,,
196,196,197,KYRGYZSTAN,KyrgyzSTRepublic,KGZ,198096.4324,445.0,148.333333333,494.0,123.5,,,,,,,,,,,,,,,,,,,,,,,,,,,,,,,,,,,,,,,,,,,,,,,,,,,,,,,,,,,,,,,,,,,,
197,197,198,ARMENIA,Republic of Armenia,ARM,29688.4372,,,,,,,,,,,,,,,,,,,,,,,,,,,,,,,,,,,,,,,,,,,,,,,,,,,,,,,,,,,,,,,,,,,,,,,,
198,198,199,SYRIAN ARAB REPUBLIC,Syrian Arab Republic,SYR,186958.3897,,,,,42.0,42.0,,,,,,,,,,,63.0,63.0,,,,,,,,,,,,,,,,,,,,,,,62.0,20.6666666667,,,,,,,,,,,92.0,30.6666666667,,,,,,,,,,,,,,,,,,
199,199,200,LEBANON,Lebanese Republic,LBN,10132.86171,,,,,,,,,,,,,,,,,,,,,,,,,,,,,,,,,,,,,,,,,,,,,,,,,,,,,,,,,,,,,,,,,,,,,,,,
200,200,201,AFGHANISTAN,Afghanistan,AFG,641403.4109,,,,,59.0,59.0,,,,,,,,,,,192.0,64.0,,,,,,,,,,,,,,,,,,,,,,,,,,,,,,,261.0,261.0,48.0,48.0,425.0,25.0,,,,,,,,,,,,,,,,,,
201,201,202,IRAQ,Republic of Iraq,IRQ,437114.1619,,,,,173.0,34.6,,,,,97.0,48.5,,,,,,,,,,,1674.0,83.7,,,,,,,,,,,142.0,71.0,,,,,,,,,,,,,,,,,570.0,28.5,,,,,,,,,,,,,,,,,,
202,202,203,KUWAIT,State of Kuwait,KWT,17322.67927,,,,,,,,,,,,,,,,,,,,,,,,,,,,,,,,,,,127.0,63.5,,,,,,,,,,,,,,,,,30.0,15.0,,,,,,,,,,,,,,,,,,
203,203,204,NEPAL,Kingdom of Nepal,NPL,147393.0145,,,,,,,,,,,,,,,,,,,,,,,1259.0,157.375,,,,,,,,,,,,,,,,,,,,,,,,,,,,,,,,,,,,,,,,,,,464.0,232.0,,,,
204,204,205,BHUTAN,Kingdom of Bhutan,BTN,37672.58057,,,,,,,,,,,,,,,,,,,,,372.0,372.0,,,,,,,,,,,,,,,,,,,,,,,,,,,,,,,,,,,,,,,,,,,,,,,,,,
205,205,206,LAOS,Lao People,LAO,229980.3239,,,,,,,,,,,,,,,,,,,,,,,806.0,134.333333333,,,,,,,,,,,,,,,,,,,,,,,,,,,,,,,,,,,,,,,,,,,,,,,,
206,206,207,MALDIVES,Republic of Maldives,MDV,182.7065771,,,,,,,,,,,,,,,,,,,,,,,,,,,,,,,,,,,,,,,,,,,,,,,,,,,,,,,,,,,,,,,,,,,,,,,,
207,207,208,BRUNEI,Brunei Darussalam,BRN,5880.119097,,,,,,,,,,,,,,,,,,,,,,,,,,,,,2361.0,787.0,,,,,,,,,,,,,,,,,,,,,,,,,,,,,,,,,,,,,,,,,,
208,208,209,EAST TIMOR,East Timor,TMP,14771.69599,,,,,,,,,,,,,,,,,,,,,,,,,,,,,,,,,,,,,,,,,,,,,,,,,,,,,,,,,,,,,,,,,,,,,,,,
209,209,210,CHRISTMAS ISLAND,Christmas Island,CXR,137.1732178,,,,,,,,,,,,,,,,,,,,,,,,,,,,,,,,,,,,,,,,,,,,,,,,,,,,,,,,,,,,,,,,,,,,,,,,
210,210,211,MONGOLIA,Mongolia,MNG,1565367.614,2460.0,351.428571429,475.0,67.8571428571,,,,,,,,,,,,,,,11983.0,206.603448276,,,,,,,,,,,,,,,,,2059.0,343.166666667,195.0,97.5,,,,,,,,,904.0,90.4,744.0,67.6363636364,,,,,,,,,,,,,,,1716.0,429.0,,,,
211,211,212,CASPIAN SEA, ,0,,,,9708.0,571.058823529,357.0,357.0,,,,,,,,,,,,,,,4417.0,552.125,,,,,,,,,,,,,,,,,,,,,,,,,,,,,324.0,108.0,,,,,,,,,,,,,,,,,,,,
212,212,213,JORDAN,Hashemite Kingdom of Jordan,JOR,89066.38096000001,,,,,58.0,58.0,,,,,,,,,,,,,,,,,,,,,,,,,,,,,,,,,,,114.0,19.0,,,,,,,,,,,158.0,19.75,,,,,,,,,,,,,,,,,,
213,213,214,BAHRAIN,State of Bahrain,BHR,673.3473012999999,,,,,,,,,,,,,,,,,,,,,,,,,,,,,,,,,,,,,,,,,,,,,,,,,,,,,,,,,,,,,,,,,,,,,,,,
214,214,215,QATAR,State of Qatar,QAT,11366.599390000001,,,,,,,,,,,,,,,,,,,,,,,,,,,,,,,,,,,214.0,53.5,,,,,,,,,,,,,,,,,,,,,,,,,,,,,,,,,,,,
215,215,216,GEORGIA,Georgia,GEO,69797.60445,,,,,,,,,,,,,,,,,,,,,,,,,,,,,,,,,,,,,,,,,,,,,,,,,,,,,,,,,,,,,,,,,,,,,,,,
216,216,217,ISRAEL,State of Israel,ISR,26989.14189,,,,,113.0,56.5,,,,,,,,,,,,,,,,,,,,,,,,,,,,,,,,,,,,,,,,,,,,,,,,,,,,,,,,,,,,,,,,,,
217,217,218,CYPRUS,Republic of Cyprus,CYP,9272.671481,,,,,,,,,,,,,,,,,,,,,,,,,,,,,,,,,,,,,,,,,,,,,,,,,,,,,,,,,,,,,,,,,,,,,,,,
218,218,219,IRAN,Islamic Republic of Iran,IRN,1621475.92,,,670.0,111.666666667,732.0,183.0,,,107.0,107.0,,,,,,,,,,,1465.0,488.333333333,1592.0,99.5,,,,,,,,,,,167.0,55.6666666667,,,,,5001.0,35.2183098592,,,,,,,,,32.0,32.0,1965.0,35.0892857143,,,,,,,,,,,,,,,,,,
219,219,220,PAKISTAN,Islamic Republic of Pakistan,PAK,876131.2805,,,,,363.0,51.8571428571,,,,,,,,,,,863.0,66.3846153846,791.0,395.5,,,525.0,52.5,,,,,,,,,,,1091.0,136.375,,,,,801.0,160.2,397.0,397.0,,,,,,,60.0,60.0,674.0,61.2727272727,,,,,,,,,,,,,,,,,,
220,220,221,AZERBAIJAN,Republic of Azerbaijan,AZE,86333.42143,,,883.0,294.333333333,,,,,,,,,,,,,,,,,,,,,,,,,,,,,,,,,,,,,,,,,,,,,,,,,,,,,,,,,,,,,,,,,,,,
221,221,222,YEMEN,Republic of Yemen,YEM,419899.8231,,,,,,,,,,,,,,,,,,,,,,,,,,,,,,,,,,,22.0,22.0,,,,,,,,,,,,,,,,,1090.0,35.1612903226,,,,,,,,,,,,,,,,,,
222,222,223,BANGLADESH,People,BGD,136478.2872,,,,,176.0,176.0,,,,,196.0,196.0,,,,,1420.0,157.777777778,,,,,29103.0,166.302857143,,,,,,,,,,,1707.0,155.181818182,,,,,,,,,,,,,,,,,,,,,,,,,,,,,,,,,,,,
223,223,224,SINGAPORE,Republic of Singapore,SGP,594.0155621,,,,,,,,,,,,,,,,,,,,,,,,,,,,,,,,,,,,,,,,,,,,,,,,,,,,,,,,,,,,,,,,,,,,,,,,
224,224,225,KAZAKHSTAN,Republic of Kazakhstan,KAZ,2721090.088,5208.0,306.352941176,10954.0,156.485714286,,,356.0,356.0,1631.0,543.666666667,,,811.0,270.333333333,418.0,104.5,,,,,1780.0,148.333333333,,,,,,,,,,,,,,,,,,,,,874.0,437.0,,,,,3900.0,300.0,11445.0,113.316831683,,,,,,,,,,,,,,,,,,,,
225,225,226,AREA UNDER DISPUTE,Area Under Dispute,A,9.720101426,,,,,,,,,,,,,,,,,,,,,,,,,,,,,,,,,,,,,,,,,,,,,,,,,,,,,,,,,,,,,,,,,,,,,,,,
226,226,227,CAMBODIA,Kingdom of Cambodia,KHM,181380.201,,,,,201.0,201.0,,,,,,,,,,,2043.0,185.727272727,,,,,3887.0,149.5,,,,,4542.0,324.428571429,,,,,583.0,291.5,,,,,,,,,,,,,,,,,87.0,87.0,,,,,,,,,,,,,,,,,,
227,227,228,SRILANKA,Democratic Socialist Republic of Sri Lan,LKA,66533.05442999999,,,,,681.0,340.5,,,,,509.0,509.0,,,,,,,,,,,555.0,555.0,,,,,,,,,,,512.0,128.0,,,,,409.0,409.0,,,,,,,,,,,,,,,,,,,,,,,,,,,,,867.0,216.75
228,228,229,BRITISH INDIAN OCEAN TERRITORY,British Indian Ocean Territory,IOT,54.23133212,,,,,,,,,,,,,,,,,,,,,,,,,,,,,,,,,,,,,,,,,,,,,,,,,,,,,,,,,,,,,,,,,,,,,,,,
229,229,230,TAJIKISTAN,Republic of Tajikistan,TJK,142015.6373,146.0,146.0,,,,,,,,,,,,,,,,,,,,,,,,,,,,,,,,,,,,,,,,,,,,,,,,,,,,,,,,,,,,,,,,,,,,,,
230,230,231,SAUDI ARABIA,Kingdom of Saudi Arabia,SAU,1959682.312,,,,,,,,,,,,,,,,,,,,,,,,,,,,,,,,,,,712.0,47.4666666667,,,,,192.0,17.4545454545,,,,,,,,,,,2093.0,23.2555555556,,,,,,,,,,,,,,,,,,
231,231,232,MYANMAR,Union of Myanmar,MMR,667624.9029,,,,,142.0,142.0,,,,,,,,,,,1732.0,192.444444444,,,617.0,617.0,6170.0,205.666666667,,,,,,,,,,,6449.0,238.851851852,,,,,,,,,,,,,,,,,,,,,,,,,,,,,,,,,,,889.0,177.8
232,232,233,JAPAN,Japan,JPN,373658.7702,,,548.0,274.0,,,,,,,,,,,,,,,,,791.0,395.5,,,,,,,,,,,539.0,269.5,,,,,,,,,,,,,,,,,,,,,,,,,,,,,,,,,,,1378.0,459.333333333,,
233,233,234,"KOREA, REPUBLIC OF",Republic of Korea,KOR,99085.68231,,,,,,,,,,,,,,,,,,,,,,,,,,,,,,,,,,,,,,,,,,,,,,,,,,,,,,,,,,,,,,,,,,,,,,,,
234,234,235,UNITED ARAB EMIRATES,United Arab Emirates,ARE,70904.43078,,,,,,,,,,,,,,,,,,,,,,,,,,,,,,,,,,,198.0,99.0,,,,,151.0,37.75,,,,,,,,,,,124.0,24.8,,,,,,,,,,,,,,,,,,
235,235,236,MALAYSIA,Malaysia,MYS,329720.9525,,,,,1237.0,618.5,,,,,366.0,366.0,,,,,602.0,602.0,,,,,179.0,179.0,,,,,39241.0,1006.17948718,,,,,4519.0,502.111111111,,,,,,,,,,,,,,,,,,,,,,,,,,,,,,,,,,,,
236,236,237,INDIA,Republic of Indonesia,IND,3083902.0289999996,204.0,204.0,,,2618.0,137.789473684,,,,,1119.0,111.9,,,,,3092.0,134.434782609,,,605.0,302.5,26810.0,134.72361809,,,,,,,,,,,2680.0,141.052631579,,,,,7517.0,167.044444444,,,,,,,,,,,2005.0,105.526315789,,,,,,,,,,,,,514.0,257.0,,,44769.0,94.0525210084
237,237,238,INDONESIA,Republic of Indonesia,IDN,1888768.3369999998,,,,,4386.0,731.0,,,,,1088.0,544.0,,,,,11115.0,855.0,,,,,72035.0,631.885964912,,,,,48919.0,1040.82978723,,,,,30141.0,685.022727273,,,,,,,,,,,,,,,,,,,,,,,,,,,,,,,,,14627.0,769.842105263,37629.0,553.367647059
238,238,239,PHILIPPINES,Republic of Philippines,PHL,296016.5928,,,,,704.0,234.666666667,,,,,,,,,,,,,,,,,1680.0,280.0,,,,,,,,,,,1845.0,307.5,,,,,,,,,,,,,,,,,,,,,,,,,,,,,,,,,,,,
239,239,240,OMAN,Sultanate of Oman,OMN,307991.0205,,,,,,,,,,,,,,,,,,,,,,,,,,,,,,,,,,,104.0,34.6666666667,,,,,224.0,18.6666666667,,,,,,,,,,,792.0,21.4054054054,,,,,,,,,,,,,,,,,,
240,240,241,THAILAND,Kingdom of Thailand,THA,515106.6705,,,,,452.0,150.666666667,,,,,1097.0,182.833333333,,,,,617.0,154.25,,,,,6168.0,162.315789474,,,,,1374.0,343.5,,,,,1393.0,278.6,,,,,,,,,,,,,,,,,,,,,,,,,,,,,,,,,,,,
241,241,242,UZBEKISTAN,Republic of Uzbekistan,UZB,455531.155,,,4077.0,88.6304347826,,,,,376.0,188.0,,,,,156.0,52.0,,,,,,,,,,,,,,,,,,,,,,,,,,,,,,,,,,,1266.0,66.6315789474,,,,,,,,,,,,,,,,,,,,
242,242,243,TURKEY,Republic of Turkey,TUR,781145.4877,,,1622.0,147.454545455,129.0,129.0,,,340.0,113.333333333,,,,,,,,,,,153.0,153.0,,,,,,,,,,,400.0,200.0,,,,,875.0,218.75,,,,,,,,,,,169.0,84.5,,,,,,,,,,,,,,,,,,,,
243,243,244,"KOREA,DEMOCRATIC PEOPLE'S REPUBLIC OF",Democratic People,PRK,122270.7747,,,,,,,,,,,,,,,,,,,,,,,,,,,,,,,,,1925.0,175.0,,,,,,,,,,,,,,,,,,,,,,,,,,,,,,,,,,,,,,
244,244,245,NONE,None, ,362.2681903,,,,,,,,,231.0,231.0,,,,,,,,,,,,,,,,,,,,,,,,,,,,,,,,,,,,,,,,,,,,,,,,,,,,,,,,,,,,,,
245,245,246,VIET NAM,Socialist Republic of Viet Nam,VNM,327578.2769,,,,,,,,,,,,,,,,,1385.0,230.833333333,,,,,21223.0,286.797297297,,,,,,,,,,,,,,,,,,,,,,,,,,,,,,,,,,,,,,,,,,,,,,,,
246,246,247,CHINA,Peoples Republic of China,CHN,9506121.662,7684.0,170.755555556,4339.0,139.967741935,3739.0,162.565217391,,,669.0,111.5,,,525.0,262.5,1395.0,155.0,2253.0,132.529411765,15677.0,348.377777778,9488.0,145.969230769,11238.0,149.84,,,,,,,,,3195.0,127.8,3199.0,177.722222222,986.0,140.857142857,2783.0,71.358974359,,,1493.0,248.833333333,,,,,6148.0,139.727272727,6672.0,85.5384615385,242.0,121.0,,,,,,,,,,,,,157163.0,130.209610605,,,105.0,105.0
