,FID,OBJECTID,NAME,FENAME,SOC,AREA,AREA_W1_T1,AREA_W1_T2,AREA_W1_T3,AREA_W2_T1,AREA_W2_T2,AREA_W2_T3,AREA_W3_T1,AREA_W3_T2,AREA_W3_T3,AREA_W4_T1,AREA_W4_T2,AREA_W4_T3,AREA_W5_T1,AREA_W5_T2,AREA_W5_T3,AREA_W6_T1,AREA_W6_T2,AREA_W6_T3,AREA_W7_T1,AREA_W7_T2,AREA_W7_T3,AREA_W8_T1,AREA_W8_T2,AREA_W8_T3,AREA_W9_T1,AREA_W9_T2,AREA_W9_T3,AREA_W10_T1,AREA_W10_T2,AREA_W10_T3,AREA_W11_T1,AREA_W11_T2,AREA_W11_T3,AREA_W12_T1,AREA_W12_T2,AREA_W12_T3
0,0,1,GREAT LAKES,Great lakes, ,239890.2624,37025.3729856,183152.178369,,,,,,,,,,,,,,,,,,,,,,,,,,,987.343279616,,493.671639808,4443.04475827,,,,
1,1,2,GREENLAND,Greenland,GRL,2165194.435,13329.1342748,,,,,,2962.02983885,,,,,,,,,,,,,,,2468.35819904,,,,,,,,,,,,,,
2,2,3,CANADA,Canada,CAN,9924776.95,688671.937532,31594.9849477,,39000.0595448,1974.68655923,,15797.4924739,987.343279616,,987.343279616,493.671639808,,,,,,,,,,,197468.655923,,,4443.04475827,987.343279616,,993761.010933,,,1535318.7998,162417.969497,,,,
3,3,4,UNITED STATES,United States Of America,USA,9325530.099,39000.0595448,64670.9848148,12835.462635,1974.68655923,16784.8357535,9379.76115635,12835.462635,10860.7760758,2962.02983885,987.343279616,,,,,,,,,,10367.104436,987.343279616,,,,,10367.104436,6417.7313175,577102.146936,75531.7608906,100709.014521,85405.1936868,1013507.87653,352975.222463,,,
4,43,44,UNITED STATES,United States Of America,USA,8.738036416,39000.0595448,64670.9848148,12835.462635,1974.68655923,16784.8357535,9379.76115635,12835.462635,10860.7760758,2962.02983885,987.343279616,,,,,,,,,,10367.104436,987.343279616,,,,,10367.104436,6417.7313175,577102.146936,75531.7608906,100709.014521,85405.1936868,1013507.87653,352975.222463,,,
5,4,5,SAINT PIERRE AND MIQUELON,Saint Pierre and Miquelon,SPM,228.04125,,,,,,,,,,,,,,,,,,,,,,,,,,,,,,,,,,,,
6,5,6,BERMUDA,Bermuda,BMU,63.19694514,,,,,,,,,,,,,,,,,,,,,,,,,,,,,,,,,,,,
7,6,7,BAHAMAS,Commonwealth of the Bahamas,BHS,13336.07578,,,493.671639808,,,,,,,,,,,,,,,1974.68655923,,,,,,,,,,,,,,,,,,
8,7,8,TURKS AND CAICOS ISLANDS,Turks and Caicos Islands,TCA,546.337063,,,,,,,,,,,,,,,,,,,,,,,,,,,,,,,,,,,,
9,8,9,CUBA,Republic of Cuba,CUB,111349.3062,,,1974.68655923,,,,,,,,,,,,,,,14810.1491942,,,,,,,,,,,,,,,,,,
10,9,10,MEXICO,United States of Mexico,MEX,1957508.248,,,15797.4924739,,,1481.01491942,,,,,987.343279616,2468.35819904,,,,,,5924.0596777,,,1481.01491942,,,,,1481.01491942,6911.40295731,,,493.671639808,,,,,,
11,10,11,CAYMAN ISLANDS,Cayman Islands,CYM,277.721227,,,,,,,,,,,,,,,,,,,,,,,,,,,,,,,,,,,,
12,11,12,HAITI,Republic of Haiti,HTI,27074.02253,,,,,,,,,,,,,,,,,,493.671639808,,,,,,,,,,,,,,,,,,
13,12,13,PUERTO RICO,Puerto Rico,PRI,9018.224115,,,,,,,,,,,,,,,,,,,,,,,,,,,,,,,,,,,,
14,13,14,"VIRGIN ISLANDS,BRITISH",British Virgin Islands,VGB,170.7810916,,,,,,,,,,,,,,,,,,,,,,,,,,,,,,,,,,,,
15,14,15,DOMINICAN REPUBLIC,Dominican Republic,DOM,48183.42747,,,,,,,,,,,,,,,,,,,,,,,,,,,,,,,,,,,,
16,15,16,"VIRGIN ISLANDS,U.S.",Virgin Islands of the United States,VIR,367.76878,,,,,,,,,,,,,,,,,,,,,,,,,,,,,,,,,,,,
17,16,17,ANGUILLA,Anguilla,AIA,82.56711224,,,,,,,,,,,,,,,,,,,,,,,,,,,,,,,,,,,,
18,17,18,JAMAICA,Jamaica,JAM,11025.30542,,,,,,,,,,,,,,,,,,,,,,,,,,,,,,,,,,,,
19,18,19,SAINT KITTS AND NEVIS,Federation of Saint Kitts and Nevis,KNA,275.7698163,,,,,,,,,,,,,,,,,,,,,,,,,,,,,,,,,,,,
20,19,20,ANTIGUA AND BARBUDA,Antigua and Barbuda,ATG,443.2215919,,,,,,,,,,,,,,,,,,,,,,,,,,,,,,,,,,,,
21,20,21,MONTSERRAT,Montserrat,MSR,102.5069813,,,,,,,,,,,,,,,,,,,,,,,,,,,,,,,,,,,,
22,21,22,BELIZE,Belize,BLZ,22217.36277,,,,,,,,,,,,,,,,,,,,,,,,,,,,,,,,,,,,
23,22,23,GUADELOUPE,Guadeloupe,GLP,1749.708939,,,,,,,,,,,,,,,,,,,,,,,,,,,,,,,,,,,,
24,23,24,GUATEMALA,Republic of Guatemala,GTM,109283.04,,,2962.02983885,,,,,,,,,,,,,,,,,,,,,,,,,,,,,,,,,
25,24,25,DOMINICA,Commonwealth of Dominica,DMA,766.6903546,,,,,,,,,,,,,,,,,,,,,,,,,,,,,,,,,,,,
26,25,26,MARTINIQUE,Martinique,MTQ,1142.264728,,,,,,,,,,,,,,,,,,,,,,,,,,,,,,,,,,,,
27,26,27,NICARAGUA,Republic of Nicaragua,NIC,129012.722,,,10367.104436,,,,,,,,,987.343279616,,,987.343279616,,,987.343279616,,,,,,,,,,,,,,,,,,
28,27,28,SAINT LUCIA,Saint Lucia,LCA,617.3967327,,,,,,,,,,,,,,,,,,,,,,,,,,,,,,,,,,,,
29,28,29,EL SALVADOR,Republic of El Salvador,SLV,20579.6445,,,,,,,,,,,,,,,,,,,,,,,,,,,,,,,,,,,,
30,29,30,HONDURAS,Republic of Honduras,HND,113032.1456,,,987.343279616,,,,,,,,,3949.37311846,,,987.343279616,,,1481.01491942,,,,,,,,,,,,,,,,,,
31,30,31,BARBADOS,Barbados,BRB,439.3483209,,,,,,,,,,,,,,,,,,,,,,,,,,,,,,,,,,,,
32,31,32,SAINT VINCENT AND THE GRENADINES,Saint Vincent and the Grenadines,VCT,409.3061223,,,,,,,,,,,,,,,,,,,,,,,,,,,,,,,,,,,,
33,32,33,ARUBA,Aruba,ABW,181.6068965,,,,,,,,,,,,,,,,,,,,,,,,,,,,,,,,,,,,
34,33,34,COLOMBIA,Republic of Colombia,COL,51.48488332,,,1974.68655923,,,,,,12835.462635,,,5924.0596777,,,57265.9102177,,,3455.70147866,,,,,,,,,,,,,,,,,,
35,145,146,COLOMBIA,Republic of Colombia,COL,1137869.979,,,1974.68655923,,,,,,12835.462635,,,5924.0596777,,,57265.9102177,,,3455.70147866,,,,,,,,,,,,,,,,,,
36,34,35,GRENADA,Grenada,GRD,365.8030738,,,,,,,,,,,,,,,,,,,,,,,,,,,,,,,,,,,,
37,35,36,NETHERLANDS ANTILLES,Netherlands Antilles,ANT,809.5657921,,,,,,,,,,,,,,,,,,,,,,,,,,,,,,,,,,,,
38,36,37,TRINIDAD AND TOBAGO,Republic of Trinidad and Tobago,TTO,5181.169906,,,,,,,,,,,,,,,,,,,,,,,,,,,,,,,,,,,,
39,37,38,COSTA RICA,Republic of Costa Rica,CRI,51222.36112,,,493.671639808,,,987.343279616,,,,,,4443.04475827,,,1481.01491942,,,493.671639808,,,,,,,,,493.671639808,,,,,,,,,
40,38,39,FRANCE,France Republic,FRA,4.001414297,,493.671639808,,,,,,987.343279616,,,987.343279616,,,,,,2962.02983885,,,,,,,,,,,,,,,,,,,
41,164,165,FRANCE,France Republic,FRA,548780.4923,,493.671639808,,,,,,987.343279616,,,987.343279616,,,,,,2962.02983885,,,,,,,,,,,,,,,,,,,
42,39,40,PANAMA,Republic of Panama,PAN,75041.86065,,,493.671639808,,,2468.35819904,,,,,,987.343279616,,,,,,1481.01491942,,,,,,,,,,,,,,,,,,
43,40,41,MARSHALL ISLANDS,Republic of the Marshall Islands,MHL,199.2311082,,,,,,,,,,,,,,,,,,,,,,,,,,,,,,,,,,,,
44,41,42,PALAU,Republic of Palau,PLW,459.767486,,,,,,,,,,,,,,,,,,,,,,,,,,,,,,,,,,,,
45,42,43,KIRIBATI,Republic of Kiribati,KIR,1254.255246,,,,,,,,,,,,,,,,,,,,,,,,,,,,,,,,,,,,
46,44,45,NAURU,Republic of Nauru,NRU,18.26231848,,,,,,,,,,,,,,,,,,,,,,,,,,,,,,,,,,,,
47,45,46,SOLOMON ISLANDS,Solomon Islands,SLB,28679.29513,,,,,,,,,,,,3455.70147866,,,,,,,,,,,,,,,,,,,,,,,,
48,46,47,PAPUA NEW GUINEA,Independent State of Papua New Guinea,PNG,462195.9521,,,4443.04475827,,,,,,987.343279616,,,92316.5966441,,,,,,2468.35819904,,,,,,,,,493.671639808,,,,,,,,,493.671639808
49,47,48,COOK ISLANDS,Cook Islands,COK,248.9268877,,,,,,,,,,,,,,,,,,,,,,,,,,,,,,,,,,,,
50,48,49,AMERICAN SAMOA,American Samoa,ASM,211.0150755,,,,,,,,,,,,,,,,,,,,,,,,,,,,,,,,,,,,
51,49,50,AUSTRALIA,Commonwealth of Australia,AUS,7687234.094,,4443.04475827,2962.02983885,,3455.70147866,2468.35819904,,,987.343279616,,,,,,,,,29620.2983885,,9873.43279616,93303.9399237,,,,,4936.71639808,109595.104037,,,,,,,,,
52,50,51,VANUATU,Republic of Vanuatu,VUT,12231.70146,,,,,,,,,,,,,,,,,,,,,,,,,,,,,,,,,,,,
53,51,52,FIJI,Republic of Fiji Islands,FJI,18297.83486,,,,,,,,,,,,,,,,,,,,,,,,,,,,,,,,,,,,
54,52,53,TONGA,Kingdom of Tonga,TON,672.1649956,,,,,,,,,,,,,,,,,,,,,,,,,,,,,,,,,,,,
55,53,54,NIUE,Niue,NIU,266.1882028,,,,,,,,,,,,,,,,,,,,,,,,,,,,,,,,,,,,
56,54,55,NEW CALEDONIA,New Caledonia,NCL,18920.19167,,,,,,,,,,,,,,,,,,,,,,,,,,,,,,,,,,,,
57,55,56,PITCAIRN,Pitcairn,PCN,48.84709993,,,,,,,,,,,,,,,,,,,,,,,,,,,,,,,,,,,,
58,56,57,NORFOLK ISLAND,Norfolk Island,NFK,37.94197392,,,,,,,,,,,,,,,,,,,,,,,,,,,,,,,,,,,,
59,57,58,HEARD ISLAND AND MCDONALD ISLANDS,Heard Island and McDonald Islands,HMD,380.177539,,,,,,,,,,,,,,,,,,,,,,,,,,,,,,,,,,,,
60,58,59,BOUVET ISLAND,Bouvet Island,BVT,48.69151278,,,,,,,,,,,,,,,,,,,,,,,,,,,,,,,,,,,,
61,59,60,NORTHERN MARIANA ISLANDS,Commonwealth of the Northern Mariana Isl,MNP,1032.220901,,,,,,,,,,,,,,,,,,,,,,,,,,,,,,,,,,,,
62,60,61,ANTARCTICA,Antarctica,ATA,12538778.31,,,,,,,,,,,,,,,,,,,,,,,,,,,,,,,,,,,,
63,61,62,SOUTH GEORGIA AND THE SOUTH SANDWICH ISLANDS,South Georgia and the South Sandwich Isl,0,,,,,,,,,,,,,,,,,,,,,,,,,,,,,,,,,,,,,
64,62,63,TUVALU,Tuvalu,TUV,29.99761507,,,,,,,,,,,,,,,,,,,,,,,,,,,,,,,,,,,,
65,63,64,TOKELAU,Tokelau,TKL,20.04125197,,,,,,,,,,,,,,,,,,,,,,,,,,,,,,,,,,,,
66,64,65,FRENCH POLYNESIA,French Polynesia,PYF,3732.241965,,,,,,,,,,,,,,,,,,,,,,,,,,,,,,,,,,,,
67,65,66,FRENCH SOUTHERN TERRITORIES,French Southern Territories,ATF,7569.51195,,,,,,,,,,,,,,,,,,,,,,,,,,,,,,,,,,,,
68,66,67,SAMOA,Independent State of Samoa,WSM,2877.209675,,,,,,,,,,,,,,,,,,,,,,,,,,,,,,,,,,,,
69,67,68,"MICRONESIA,FEDERATED STATES OF",Federated States of Micronesia,FSM,692.4422002,,,,,,,,,,,,,,,,,,,,,,,,,,,,,,,,,,,,
70,68,69,WALLIS AND FUTUNA,Wallis and Futuna,WLF,175.0271448,,,,,,,,,,,,,,,,,,,,,,,,,,,,,,,,,,,,
71,69,70,COCOS(KEELING) ISLANDS,Cocos (Keeling) Islands,CCK,18.03451674,,,,,,,,,,,,,,,,,,,,,,,,,,,,,,,,,,,,
72,70,71,PRINCE EDWARD ISLAND,Prince Edward Island,SF,332.9746025,,,,,,,,,,,,,,,,,,,,,,,,,,,,,,,,,,,,
73,71,72,NEW ZEALAND,New Zealand,NZL,270408.5953,,3949.37311846,,,,,,2962.02983885,,,1481.01491942,,,,,,,,,,,,,,,,,,,,,,,,,
74,72,73,WAKE ISLAND,United States Of America,USA,10.07222385,,,,,,,,,,,,,,,,,,,,,,,,,,,,,,,,,,,,
75,73,74,ALGERIA,Democratic People,DZA,2316558.659,,,,,,,,,,,,1974.68655923,,,,,,,,2962.02983885,11354.4477156,,,,,,14316.4775544,,,,,,,,,
76,74,75,TUNISIA,Republic of Tunisia,TUN,155176.5724,,,,,,,,,,,,,,,,,,987.343279616,,,5924.0596777,,,,,,1481.01491942,,,,,,,,,
77,75,76,LIBYA,Great Socialist People,LBY,1616872.963,,,,,,,,,,,,,,,,,,,,,6417.7313175,,,,,,20734.2088719,,,,,,,,,
78,76,77,MOROCCO,Kingdom of Morocco,MAR,406318.1234,,,,,,493.671639808,,,,,,987.343279616,,,,,,,,,493.671639808,,,,,,1481.01491942,,,,,,,,,
79,77,78,EGYPT,Arab Republic of Egypt,EGY,982443.2049,,,493.671639808,,,3949.37311846,,,1481.01491942,,,3949.37311846,,,,,,3949.37311846,,,3949.37311846,,,,,,6417.7313175,,,,,,,,,
80,78,79,WESTERN SAHARA,Western Sahara,ESH,266829.9047,,,,,,,,,,,,,,,,,,,,,987.343279616,,,,,,2962.02983885,,,,,,,,,
81,79,80,MALI,Republic of Mali,MLI,1251575.03,,,3949.37311846,,,987.343279616,,,4443.04475827,,,49860.8356206,,,,,,,,,987.343279616,,,,,,5430.38803789,,,,,,,,,
82,80,81,MAURITANIA,Islamic Republic of Mauritania,MRT,1040735.878,,,,,,,,,,,,3949.37311846,,,,,,,,,5430.38803789,,,,,,7898.74623693,,,,,,,,,
83,81,82,NIGER,Republic of Niger,NER,1183765.115,,,2468.35819904,,,,,,,,,8392.41787674,,,,,,,,,10860.7760758,,,,,,30113.9700283,,,,,,,,,
84,82,83,SUDAN,Republic of the Sudan,SDN,2503819.274,,,4936.71639808,,,493.671639808,,,493.671639808,,,65164.6564547,,,,,,987.343279616,,,3949.37311846,,,,,,25177.2536302,,,,,,,,,
85,83,84,SENEGAL,Republic of Senegal,SEN,196761.3348,,,493.671639808,,,,,,987.343279616,,,8392.41787674,,,,,,3455.70147866,,,,,,,,,,,,,,,,,,
86,84,85,CAPE VERDE,Republic of Cape Verde,CPV,4057.621923,,,,,,,,,,,,,,,,,,,,,,,,,,,,,,,,,,,,
87,85,86,ETHIOPIA,Federal Democratic Republic of Ethiopia,ETH,1127581.386,,,5924.0596777,,,493.671639808,,,987.343279616,,,14810.1491942,,,,,,,,,493.671639808,,,,,,1974.68655923,,,,,,,,,
88,86,87,GAMBIA,Republic of the Gambia,GMB,10797.23772,,,,,,,,,,,,1481.01491942,,,,,,987.343279616,,,,,,,,,,,,,,,,,,
89,87,88,BURKINA FASO,Burkina Faso,BFA,273366.652,,,,,,493.671639808,,,,,,9379.76115635,,,,,,,,,987.343279616,,,,,,,,,,,,,,,
90,88,89,ERITREA,State of Eritrea,ERI,122099.1486,,,,,,,,,,,,,,,,,,,,,,,,,,,,,,,,,,,,
91,89,90,GUINEA-BISSAU,Republic of Guinea-Bissau,GNB,33973.2571,,,987.343279616,,,,,,,,,987.343279616,,,,,,4936.71639808,,,,,,,,,,,,,,,,,,
92,90,91,DJIBOUTI,Republic of Djibouti,DJI,21679.33687,,,493.671639808,,,,,,,,,,,,,,,,,,,,,,,,1481.01491942,,,,,,,,,
93,91,92,GUINEA,Republic of Guinea,GIN,244871.5797,,,,,,,,,,,,1974.68655923,,,,,,4443.04475827,,,,,,,,,,,,,,,,,,
94,92,93,CHAD,Republic of Chad,TCD,1269963.089,,,14316.4775544,,,,,,,,,115519.163715,,,,,,,,,9379.76115635,,,,,,26164.5969098,,,,,,,,,
95,93,94,NIGERIA,Federal Republic of Nigeria,NGA,909481.587,,,5924.0596777,,,3455.70147866,,,7405.07459712,,,60227.9400566,,,11354.4477156,,,3949.37311846,,,,,,,,,1481.01491942,,,,,,,,,
96,94,95,COTE Dl IVOIRE,Republic of Cote df Ivoire,CIV,321881.8984,,,1974.68655923,,,1974.68655923,,,493.671639808,,,4443.04475827,,,,,,987.343279616,,,,,,,,,,,,,,,,,,
97,95,96,CENTRAL AFRICAN REPUBLIC,Central African Republic,CAF,620200.155,,,,,,,,,,,,29126.6267487,,,,,,,,,,,,,,,,,,,,,,,,
98,96,97,GHANA,Republic of Ghana,GHA,238760.7641,,,493.671639808,,,8392.41787674,,,,,,2962.02983885,,,,,,,,,,,,,,,,,,,,,,,,
99,97,98,SIERRA LEONE,Republic of Sierra Leone,SLE,72322.22045,,,,,,,,,,,,3455.70147866,,,,,,987.343279616,,,,,,,,,,,,,,,,,,
100,98,99,BENIN,Republic of Benin,BEN,115542.4004,,,,,,,,,,,,5430.38803789,,,,,,,,,,,,,,,,,,,,,,,,
101,99,100,TOGO,Republic of Togo,TGO,57038.15154,,,,,,,,,,,,1481.01491942,,,,,,,,,,,,,,,,,,,,,,,,
102,100,101,LIBERIA,Republic of Liberia,LBR,95877.65352,,,,,,,,,,,,493.671639808,,,,,,493.671639808,,,,,,,,,,,,,,,,,,
103,101,102,CAMEROON,Republic of Cameroon,CMR,466295.004,,,2962.02983885,,,987.343279616,,,,,,17772.1790331,,,,,,2468.35819904,,,,,,,,,,,,,,,,,,
104,102,103,UGANDA,Republic of Uganda,UGA,241278.0742,,,34557.0147866,,,,,,,,,17772.1790331,,,,,,,,,,,,,,,,,,,,,,,,
105,103,104,EQUATORIAL GUINEA,Republic of Equatorial Guinea,GNQ,26987.40809,,,,,,,,,1974.68655923,,,,,,,,,,,,,,,,,,,,,,,,,,,
106,104,105,CONGO,Republic of Congo,COG,341573.5927,,,493.671639808,,,1974.68655923,,,1974.68655923,,,15303.820834,,,64670.9848148,,,,,,,,,,,,,,,,,,,,,
107,105,106,SAO TOME AND PRINCIPE,Democratic Republic of Sao Tome and Prin,STP,1008.589455,,,,,,,,,,,,,,,,,,,,,,,,,,,,,,,,,,,,
108,106,107,GABON,Gabonese Republic,GAB,264715.5055,,,4443.04475827,,,,,,1974.68655923,,,5430.38803789,,,493.671639808,,,5430.38803789,,,,,,,,,,,,,,,,,,
109,107,108,SOMALIA,Somalia Republic,SOM,633216.8448,,,,,,,,,,,,16291.1641137,,,,,,493.671639808,,,,,,,,,2468.35819904,,,,,,,,,
110,108,109,RWANDA,Republic of Rwanda,RWA,25205.7111,,,987.343279616,,,,,,,,,493.671639808,,,,,,,,,,,,,,,,,,,,,,,,
111,109,110,KENYA,Republic of Kenya,KEN,582253.3621,,,11848.1193554,,,,,,,,493.671639808,25177.2536302,,,,,,493.671639808,,,1481.01491942,,,,,,,,,,,,,,,
112,110,111,"CONGO,THE DEMOCRATIC REPUBLIC OF THE",Democratic Republic of Congo,COD,2327985.866,,,30607.6416681,,,,,,17278.5073933,,,41468.4177439,,,95278.6264829,,,,,,,,,,,,,,,,,,,,,
113,111,112,BURUNDI,Republic of Burundi,BDI,26948.63432,,,987.343279616,,,,,,,,,493.671639808,,,,,,,,,,,,,,,,,,,,,,,,
114,112,113,TANZANIA,United Republic of Tanzania,TZA,941757.4092,,,59240.596777,,,493.671639808,,,,,493.671639808,49367.1639808,,,,,,,,,,,,,,,,,,,,,,,,
115,113,114,ANGOLA,Angola,AGO,1247356.613,,,3455.70147866,,,493.671639808,,,493.671639808,,,14316.4775544,,,493.671639808,,,987.343279616,,,7898.74623693,,,,,,987.343279616,,,,,,,,,
116,114,115,SEYCHELLES,Republic of Seychelles,SYC,475.8294046,,,,,,,,,,,,,,,,,,,,,,,,,,,,,,,,,,,,
117,115,116,MALAWI,Republic of Malawi,MWI,118061.7673,,,25670.92527,,,,,,,,,1974.68655923,,,,,,,,,,,,,,,,,,,,,,,,
118,116,117,MAYOTTE,Mayotte,MYT,386.1746462,,,,,,,,,,,,,,,,,,,,,,,,,,,,,,,,,,,,
119,117,118,ZAMBIA,Republic of Zambia,ZMB,751315.3681,,,7898.74623693,,,1481.01491942,,,1481.01491942,,,69114.0295731,,,,,,,,,,,,,,,,,,,,,,,,
120,118,119,MADAGASCAR,Republic of Madagascar,MDG,591604.7716,,,1974.68655923,,,,,,987.343279616,,,5924.0596777,,,,,,1974.68655923,,,,,,,,,987.343279616,,,,,,,,,
121,119,120,MOZAMBIQUE,Republic of Mozambique,MOZ,786095.1052,,,9873.43279616,,,5924.0596777,,,493.671639808,,,26164.5969098,,,,,,9379.76115635,,,,,,,,,,,,,,,,,,
122,120,121,MAURITIUS,Republic of Mauritius,MUS,2016.10863,,,,,,,,,,,,,,,,,,,,,,,,,,,,,,,,,,,,
123,121,122,ZIMBABWE,Republic of Zimbabwe,ZWE,390648.4168,,,,,,3455.70147866,,,,,,,,,,,,,,,,,,,,,,,,,,,,,,
124,122,123,REUNION,Reunion,REU,2541.056469,,,,,,,,,,,,,,,,,,,,,,,,,,,,,,,,,,,,
125,123,124,NAMIBIA,Republic of Namibia,NAM,824206.0837,,,987.343279616,,,,,,,,,1481.01491942,,,,,,987.343279616,,,21721.5521516,,,,,,6911.40295731,,,,,,,,,
126,124,125,BOTSWANA,Republic of Botswana,BWA,578083.4896,,,987.343279616,,,,,,,,,17772.1790331,,,,,,,,,8392.41787674,,,,,,15797.4924739,,,,,,,,,
127,125,126,SWAZILAND,Kingdom of Swaziland,SWZ,17289.52835,,,,,,,,,,,,,,,,,,,,,,,,,,,,,,,,,,,,
128,126,127,LESOTHO,Kingdom of Lesotho,LSO,30453.53726,,,,,,,,,,,493.671639808,,,,,,,,,,,,,,,,,,,,,,,,,
129,127,128,SOUTH AFRICA,Republic of South Africa,ZAF,1220060.753,,,987.343279616,,1974.68655923,493.671639808,,987.343279616,,,,2962.02983885,,,,,,,,,8392.41787674,,,,,,4443.04475827,,,,,,,,,
130,128,129,SAINT HELENA,Saubt Helena,SHN,410.5912019,,,,,,,,,,,,,,,,,,,,,,,,,,,,,,,,,,,,
131,129,130,COMOROS,Comoros,COM,1671.323537,,,,,,,,,,,,,,,,,,,,,,,,,,,,,,,,,,,,
132,130,131,CANARIAS,Kingdom of Spain,ESP,7464.561745,,,,,,,,,,,,,,,,,,,,,,,,,,,,,,,,,,,,
133,131,132,MADEIRA,Portuguess Republic,PRT,819.3084231,,,,,,,,,,,,,,,,,,,,,,,,,,,,,,,,,,,,
134,132,133,VENEZUELA,Republic of Venezuela,VEN,912556.535,,,2962.02983885,,,2468.35819904,,,12341.7909952,,,48379.8207012,,,62202.6266158,,,6417.7313175,,,,,,,,,,,,,,,,,,
135,133,134,GUYANA,Guyana,GUY,210024.7374,,,,,,,,,2468.35819904,,,12835.462635,,,6911.40295731,,,,,,,,,,,,,,,,,,,,,
136,134,135,SURINAME,Republic of Suriname,SUR,146101.2373,,,1974.68655923,,,1974.68655923,,,,,,2468.35819904,,,14316.4775544,,,493.671639808,,,,,,,,,,,,,,,,,,
137,135,136,FRENCH GUIANA,French Guiana,GUF,83266.55037,,,,,,,,,,,,1481.01491942,,,3949.37311846,,,987.343279616,,,,,,,,,,,,,,,,,,
138,136,137,ECUADOR,Republic of Ecuador,ECU,256211.5331,,,,,,1974.68655923,,,2468.35819904,,,,,,15303.820834,,,2468.35819904,,,,,,,,,,,,,,,,,,
139,137,138,BRAZIL,Federative Republic of Brazil,BRA,8484839.225,,,33075.9998671,,,26164.5969098,,,68126.6862935,,,137240.715867,,,638317.430272,,,30607.6416681,,,,,,,,,,,,,,,,,,
140,138,139,BOLIVIA,Republic of Bolivia,BOL,1085047.266,493.671639808,6417.7313175,493.671639808,,,,,,2962.02983885,,,15303.820834,,,10860.7760758,,,,,13822.8059146,,,,,,,,,,,,,,,,
141,139,140,PERU,Republic of Peru,PER,1291445.152,,5430.38803789,1481.01491942,,,,,,9379.76115635,,,3455.70147866,,,126379.939791,,,987.343279616,,,987.343279616,,,,,,987.343279616,,,,,,,,,
142,140,141,PARAGUAY,Republic of Paraguay,PRY,399381.082,,,493.671639808,,,1481.01491942,,,1974.68655923,,,83924.1787674,,,,,,,,,,,,,,,,,,,,,,,,
143,141,142,ARGENTINA,Argentina,ARG,2779705.337,5430.38803789,7898.74623693,5430.38803789,,2468.35819904,1974.68655923,,,4936.71639808,,12341.7909952,79481.1340091,,,,,,,7405.07459712,13329.1342748,19746.8655923,,,,,987.343279616,,,,,,,,,,
144,142,143,URUGUAY,Oriental Republic of Uruguay,URY,178158.2042,,493.671639808,,,,2962.02983885,,,987.343279616,,,,,,,,,,,,,,,,,,,,,,,,,,,
145,143,144,CHILE,Republic of Chile,CHL,754236.8785,1974.68655923,6911.40295731,,,,,,493.671639808,,,,,,,,,,,2962.02983885,3949.37311846,1481.01491942,,,,493.671639808,,,,,,,,,,,
146,144,145,FALKLAND ISLANDS(MALVINAS),Falkland Islands (Malvinas),FLK,12035.6253,,,,,,,,,,,,,,,,,,,,,,,,,,,,,,,,,,,,
147,146,147,SVALBARD AND JAN MAYEN,Svalbard and Jan Mayen,SJM,61644.59024,,,,,,,,,,,,,,,,,,,,,,,,,,,,,,,,,,,,
148,147,148,RUSSIAN FEDERATION,Russian Federation,RUS,16944385.18,207342.088719,33569.6715069,,26164.5969098,18759.5223127,,78987.4623693,4936.71639808,,638811.101912,35544.3580662,,,,,35544.3580662,987.343279616,,493.671639808,,,505519.759163,,,3455.70147866,2962.02983885,,,,,,,,,,
149,148,149,SWEDEN,Kingdom of Sweden,SWE,449206.152,14316.4775544,18759.5223127,,987.343279616,,,,493.671639808,,13822.8059146,2962.02983885,,,,,,,,,,,,,,,,,,,,,,,,,
150,149,150,ICELAND,Republic of Iceland,ISL,102565.9233,493.671639808,,,,,,,,,2468.35819904,,,,,,3949.37311846,1481.01491942,,,,,,,,,,,,,,,,,,,
151,150,151,NORWAY,Kingdom of Norway,NOR,324261.0278,5924.0596777,987.343279616,,,493.671639808,,,,,,,,,,,,493.671639808,,,,,,493.671639808,,,,,,,,,,,,,
152,151,152,FAROE ISLANDS,Faroe Islands,FRO,1416.190985,,,,,,,,,,,,,,,,,,,,,,,,,,,,,,,,,,,,
153,152,153,FINLAND,Republic of Finland,FIN,336890.7873,12341.7909952,8886.08951654,,2468.35819904,987.343279616,,,,,987.343279616,,,,,,,,,,,,,,,,,,,,,,,,,,
154,153,154,UNITED KINGDOM,United Kingdom of Great Britain and Nort,GBR,245081.0959,,3455.70147866,,,,,,,,,,,,,,,493.671639808,,,,,,10860.7760758,,,,,,,,,,,,,
155,154,155,ESTONIA,Estonia,EST,45438.02661,,987.343279616,,,,,,,,,,,,,,,493.671639808,,,,,,,,,,,,,,,,,,,
156,155,156,LATVIA,Republic of Latvia,LVA,64562.57707,,1481.01491942,,,,,,,,,,,,,,,,,,,,,,,,,,,,,,,,,,
157,156,157,LITHUANIA,Republic of Lithuania,LTU,64945.40004,,987.343279616,,,,,,,,,,,,,,,,,,,,,,,,,,,,,,,,,,
158,157,158,DENMARK,Kingdom of Denmark,DNK,44440.77101,,987.343279616,,,,,,,,,,,,,,,493.671639808,,,,,,,,,,,,,,,,,,,
159,158,159,BELARUS,Repubic of Belarus,BLR,207604.6658,,493.671639808,,,,,,,,,11354.4477156,,,,,,,,,,,,,,,,,,,,,,,,,
160,159,160,GERMANY,Federal Republic of Germany,DEU,357241.7904,,3949.37311846,,,,,,,,,,,,,,,2468.35819904,,,,,,,,,,,,,,,,,,,
161,160,161,NETHERLANDS,Kingdom of the Netherlands,NLD,35025.41165,,493.671639808,,,493.671639808,,,,,,,,,,,,1481.01491942,,,493.671639808,,,,,,,,,,,,,,,,
162,161,162,POLAND,Republic of Poland,POL,311947.3799,,2962.02983885,,,,,,,,,2468.35819904,,,,,,,,,,,,,,,,,,,,,,,,,
163,162,163,IRELAND,Ireland,IRL,69809.49477,,1974.68655923,,,,,,,,,,,,,,,,,,,,,493.671639808,,,,,,,,,,,,,
164,163,164,BELGIUM,Kingdom of Belgium,BEL,30613.06441,,,,,,,,,,,,,,,,,,,,,,,,,,,,,,,,,,,,
165,165,166,LUXEMBOURG,Grand Duchy of Luxembourg,LUX,2620.690851,,,,,,,,,,,,,,,,,,,,,,,,,,,,,,,,,,,,
166,166,167,CZECH REPUBLIC,Czech Republic,CZE,78888.46523,,493.671639808,,,,,,,,,493.671639808,,,,,,,,,,,,,,,,,,,,,,,,,
167,167,168,SLOVAKIA,Slovakia Republic,SVK,49028.59955,,493.671639808,,,,,,,,,,,,,,,,,,,,,,,,,,,,,,,,,,
168,168,169,MOLDOVA,Republic of Moldova,MDA,34059.92456,,493.671639808,,,,,,,,,,,,,,,493.671639808,,,,,,,,,,,,,,,,,,,
169,169,170,AUSTRIA,Republic of Austria,AUT,83964.31529,,987.343279616,,,,,,,,,,,,,,,,,,493.671639808,,493.671639808,,,,,,,,,,,,,,
170,170,171,HUNGARY,Republic of Hungary,HUN,93118.72721,,493.671639808,,,,,,493.671639808,,,,,,,,,,,,,,,,,,,,,,,,,,,,
171,171,172,SWITZERLAND,Switzerland,CHE,41261.58323,,987.343279616,,,,,,,,,,,,,,,,,,,,,,,,,,,,,,,,,,
172,172,173,LIECHTENSTEIN,Principality of Liechtenstein,LIE,150.9853548,,,,,,,,,,,,,,,,,,,,,,,,,,,,,,,,,,,,
173,173,174,SLOVENIA,Republic of Slovenia,SVN,20682.72426,,,,,,,,,,,,,,,,,,,,,,,,,,,,,,,,,,,,
174,174,175,ROMANIA,Romania,ROM,237980.2916,,3455.70147866,,,,,,2468.35819904,,,1974.68655923,,,,,,2962.02983885,,,,,,,,,,,,,,,,,,,
175,175,176,SERBIA,Republic of Serbia,SEB,88477.99418,,,,,,,,,,,,,,,,,,,,,,,,,,,,,,,,,,,,
176,176,177,UKRAINE,Ukraine,UKR,600352.9629,,4443.04475827,,,5924.0596777,,,493.671639808,,,12835.462635,,,,,,3455.70147866,,,,,,,,,,,,,,,,,,,
177,177,178,BOSNIA AND HERZEGOVINA,Bosnia and Herzegovina,BIH,50992.52384,,,,,,,,,,,,,,,,,,,,,,,,,,,,,,,,,,,,
178,178,179,CROATIA,Republic of Croatia,HRV,56375.58469,,493.671639808,,,,,,,,,,,,,,,,,,,,,,,,,,,,,,,,,,
179,179,180,SAN MARINO,Republic of San Marino,SMR,60.04328506,,,,,,,,,,,,,,,,,,,,,,,,,,,,,,,,,,,,
180,180,181,MONACO,Principality of Monaco,MCO,8.434797529,,,,,,,,,,,,,,,,,,,,,,,,,,,,,,,,,,,,
181,181,182,ITALY,Italian Republic,ITA,301632.6124,,987.343279616,,,,,,987.343279616,,,,,,,,,987.343279616,,,,,,,,,,,,,,,,,,,
182,182,183,BULGARIA,Republic of Bulgaria,BGR,111300.481,,,,,,,,,,,493.671639808,,,,,,,,,,,,,,,,,,,,,,,,,
183,183,184,ANDORRA,Andorra,AND,474.6374715,,,,,,,,,,,,,,,,,,,,,,,,,,,,,,,,,,,,
184,184,185,"MACEDONIA,THE FORMER YUGOSLAV REPUBLIC OF",The former Yugoslav Republic of Macedoni,MKD,25423.85863,,,,,,,,,,,,,,,,,,,,,,,,,,,,,,,,,,,,
185,185,186,MONTENEGRO,Reoublic of Montenegro,YUG,13780.27197,,987.343279616,,,,,,,,,,,,,,,,,,,,,,,,,,,,,,,,,,
186,186,187,VATICAN,Vatican City State,VAT,0.60955392,,,,,,,,,,,,,,,,,,,,,,,,,,,,,,,,,,,,
187,187,188,ALBANIA,Albania,ALB,28486.10949,,987.343279616,,,,,,,,,,,,,,,,,,,,,,,,,,,,,,,,,,
188,188,189,GREECE,Hellenic Republic,GRC,132565.1982,,1481.01491942,,,493.671639808,,,,,,,,,,,,,,,,,,,,,,,,,,,,,,,
189,189,190,GIBRALTAR,Gibraltar,GIB,5.712251571,,,,,,,,,,,,,,,,,,,,,,,,,,,,,,,,,,,,
190,190,191,MALTA,Republic of Malta,MLT,313.5249736,,,,,,,,,,,,,,,,,,,,,,,,,,,,,,,,,,,,
191,191,192,PORTUGAL,Portuguess Republic,PRT,91159.12713,,987.343279616,,,,,,,,,,,,,,,,,,,,,,,,,,,,,,,,,,
192,192,193,SPAIN,Kingdom of Spain,ESP,498250.639,,987.343279616,,,2962.02983885,,,,,,,,,,,,493.671639808,1974.68655923,,,,,,,,,493.671639808,,,,,,,,,
193,193,194, , ,cp3,75.95435955,,,,,,,,,,,,,,,,,,,,,,,,,,,,,,,,,,,,
194,195,196, , ,cp2,60.08245691,,,,,,,,,,,,,,,,,,,,,,,,,,,,,,,,,,,,
195,194,195,TURKMENISTAN,Turkmenistan,TKM,489386.5961,,1481.01491942,1481.01491942,,493.671639808,,,493.671639808,493.671639808,,,493.671639808,,,,,,,,,,,,,,26658.2685496,6417.7313175,,,,,,,,,
196,196,197,KYRGYZSTAN,KyrgyzSTRepublic,KGZ,198096.4324,2962.02983885,3949.37311846,,,,,,,,,,,,,,,,,,,,,,,,,,,,,,,,,,
197,197,198,ARMENIA,Republic of Armenia,ARM,29688.4372,,987.343279616,,,,,,,,,,,,,,,,,,,,,,,,,,,,,,,,,,
198,198,199,SYRIAN ARAB REPUBLIC,Syrian Arab Republic,SYR,186958.3897,,,493.671639808,,,,,,493.671639808,,,,,,,,,,,,1481.01491942,,,,,,1481.01491942,,,,,,,,,
199,199,200,LEBANON,Lebanese Republic,LBN,10132.86171,,,,,,,,,,,,,,,,,,,,,,,,,,,,,,,,,,,,
200,200,201,AFGHANISTAN,Afghanistan,AFG,641403.4109,,,493.671639808,,,,,,1481.01491942,,,,,,,,,,,,,,,,493.671639808,493.671639808,10367.104436,,,,,,,,,
201,201,202,IRAQ,Republic of Iraq,IRQ,437114.1619,,,2468.35819904,,,2468.35819904,,,,,,10860.7760758,,,,,,987.343279616,,,,,,,,,9873.43279616,,,,,,,,,
202,202,203,KUWAIT,State of Kuwait,KWT,17322.67927,,,,,,,,,,,,,,,,,,493.671639808,,,,,,,,,493.671639808,,,,,,,,,
203,203,204,NEPAL,Kingdom of Nepal,NPL,147393.0145,,,,,,,,,,,,3949.37311846,,,,,,,,,,,,,,,,,,,,,,987.343279616,,
204,204,205,BHUTAN,Kingdom of Bhutan,BTN,37672.58057,,,,,,,,,,,987.343279616,,,,,,,,,,,,,,,,,,,,,,,,,
205,205,206,LAOS,Lao People,LAO,229980.3239,,,,,,,,,,,,2962.02983885,,,,,,,,,,,,,,,,,,,,,,,,
206,206,207,MALDIVES,Republic of Maldives,MDV,182.7065771,,,,,,,,,,,,,,,,,,,,,,,,,,,,,,,,,,,,
207,207,208,BRUNEI,Brunei Darussalam,BRN,5880.119097,,,,,,,,,,,,,,,1974.68655923,,,,,,,,,,,,,,,,,,,,,
208,208,209,EAST TIMOR,East Timor,TMP,14771.69599,,,,,,,,,,,,,,,,,,,,,,,,,,,,,,,,,,,,
209,209,210,CHRISTMAS ISLAND,Christmas Island,CXR,137.1732178,,,,,,,,,,,,,,,,,,,,,,,,,,,,,,,,,,,,
210,210,211,MONGOLIA,Mongolia,MNG,1565367.614,9873.43279616,3455.70147866,,,,,,,,28632.9551089,,,,,,,,,3949.37311846,987.343279616,,,,,4936.71639808,5430.38803789,,,,,,,,1974.68655923,,
211,211,212,CASPIAN SEA, ,0,,,284354.864529,77012.77581,,,,,,,,2468.35819904,,,,,,,,,,,,,,,493.671639808,,,,,,,,,,
212,212,213,JORDAN,Hashemite Kingdom of Jordan,JOR,89066.38096,,,493.671639808,,,,,,,,,,,,,,,,,,2962.02983885,,,,,,3949.37311846,,,,,,,,,
213,213,214,BAHRAIN,State of Bahrain,BHR,673.3473013,,,,,,,,,,,,,,,,,,,,,,,,,,,,,,,,,,,,
214,214,215,QATAR,State of Qatar,QAT,11366.59939,,,,,,,,,,,,,,,,,,1974.68655923,,,,,,,,,,,,,,,,,,
215,215,216,GEORGIA,Georgia,GEO,69797.60445,,,,,,,,,,,,,,,,,,,,,,,,,,,,,,,,,,,,
216,216,217,ISRAEL,State of Israel,ISR,26989.14189,,,987.343279616,,,,,,,,,,,,,,,,,,,,,,,,,,,,,,,,,
217,217,218,CYPRUS,Republic of Cyprus,CYP,9272.671481,,,,,,,,,,,,,,,,,,,,,,,,,,,,,,,,,,,,
218,218,219,IRAN,Islamic Republic of Iran,IRN,1621475.92,,5430.38803789,3455.70147866,,493.671639808,,,,,,1974.68655923,8392.41787674,,,,,,2468.35819904,,,70101.3728527,,,,,493.671639808,28139.2834691,,,,,,,,,
219,219,220,PAKISTAN,Islamic Republic of Pakistan,PAK,876131.2805,,,3455.70147866,,,,,,6417.7313175,987.343279616,,4936.71639808,,,,,,3949.37311846,,,2468.35819904,493.671639808,,,,493.671639808,5924.0596777,,,,,,,,,
220,220,221,AZERBAIJAN,Republic of Azerbaijan,AZE,86333.42143,,1481.01491942,,,,,,,,,,,,,,,,,,,,,,,,,,,,,,,,,,
221,221,222,YEMEN,Republic of Yemen,YEM,419899.8231,,,,,,,,,,,,,,,,,,2468.35819904,,,,,,,,,15303.820834,,,,,,,,,
222,222,223,BANGLADESH,People,BGD,136478.2872,,,493.671639808,,,493.671639808,,,4443.04475827,,,92810.2682839,,,,,,6417.7313175,,,,,,,,,,,,,,,,,,
223,223,224,SINGAPORE,Republic of Singapore,SGP,594.0155621,,,,,,,,,,,,,,,,,,,,,,,,,,,,,,,,,,,,
224,224,225,KAZAKHSTAN,Republic of Kazakhstan,KAZ,2721090.088,10367.104436,68620.3579333,,987.343279616,3455.70147866,,1481.01491942,1974.68655923,,,6417.7313175,,,,,,,,,,,1481.01491942,,,6417.7313175,58253.2534973,,,,,,,,,,
225,225,226,AREA UNDER DISPUTE,Area Under Dispute,A,9.720101426,,,,,,,,,,,,,,,,,,,,,,,,,,,,,,,,,,,,
226,226,227,CAMBODIA,Kingdom of Cambodia,KHM,181380.201,,,1481.01491942,,,,,,5430.38803789,,,13822.8059146,,,8392.41787674,,,987.343279616,,,,,,,,,493.671639808,,,,,,,,,
227,227,228,SRILANKA,Democratic Socialist Republic of Sri Lan,LKA,66533.05443,,,987.343279616,,,493.671639808,,,,,,493.671639808,,,,,,2468.35819904,,,493.671639808,,,,,,,,,,,,,,,1974.68655923
228,228,229,BRITISH INDIAN OCEAN TERRITORY,British Indian Ocean Territory,IOT,54.23133212,,,,,,,,,,,,,,,,,,,,,,,,,,,,,,,,,,,,
229,229,230,TAJIKISTAN,Republic of Tajikistan,TJK,142015.6373,493.671639808,,,,493.671639808,,,,,,,,,,,,,,,,,,,,,,,,,,,,,,,
230,230,231,SAUDI ARABIA,Kingdom of Saudi Arabia,SAU,1959682.312,,,,,,,,,,,,,,,,,,8886.08951654,,,5430.38803789,,,,,,44430.4475827,,,,,,,,,
231,231,232,MYANMAR,Union of Myanmar,MMR,667624.9029,,,493.671639808,,,,,,4443.04475827,,,16291.1641137,,,,,,18265.8506729,,,,,,,,,,,,,,,,,,2468.35819904
232,232,233,JAPAN,Japan,JPN,373658.7702,,2468.35819904,,,,,,,,,1481.01491942,,,,,,987.343279616,,,,,,,,,,,,,,,,,,1481.01491942,
233,233,234,"KOREA, REPUBLIC OF",Republic of Korea,KOR,99085.68231,,,,,,,,,,,,,,,,,493.671639808,,,,,,,,,,,,,,,,,,,
234,234,235,UNITED ARAB EMIRATES,United Arab Emirates,ARE,70904.43078,,,,,,,,,,,,,,,,,,987.343279616,,,1974.68655923,,,,,,2468.35819904,,,,,,,,,
235,235,236,MALAYSIA,Malaysia,MYS,329720.9525,,,987.343279616,,,493.671639808,,,493.671639808,,,987.343279616,,,19253.1939525,,,5430.38803789,,,,,,,,,,,,,,,,,,
236,236,237,INDIA,Republic of Indonesia,IND,3083902.029,987.343279616,,10860.7760758,,,5430.38803789,,,11848.1193554,,1481.01491942,96759.6414024,,,,,,11848.1193554,,,24683.5819904,,,,,,9873.43279616,,,,,,,987.343279616,,234987.700549
237,237,238,INDONESIA,Republic of Indonesia,IDN,1888768.337,,,4443.04475827,,,987.343279616,,,6417.7313175,,,57265.9102177,,,25177.2536302,,,30113.9700283,,,,,,,,,,,,,,,,,9379.76115635,36038.029706
238,238,239,PHILIPPINES,Republic of Philippines,PHL,296016.5928,,,2468.35819904,,,,,,,,,3455.70147866,,,,,,4443.04475827,,,,,,,,,,,,,,,,,,
239,239,240,OMAN,Sultanate of Oman,OMN,307991.0205,,,,,,,,,,,,,,,,,,1974.68655923,,,5924.0596777,,,,,,18265.8506729,,,,,,,,,
240,240,241,THAILAND,Kingdom of Thailand,THA,515106.6705,,,2962.02983885,,,2962.02983885,,,1974.68655923,,,18759.5223127,,,1974.68655923,,,1974.68655923,,,,,,,,,,,,,,,,,,
241,241,242,UZBEKISTAN,Republic of Uzbekistan,UZB,455531.155,,36531.7013458,,,987.343279616,,,1481.01491942,,,,,,,,,,,,,,,,,,10860.7760758,,,,,,,,,,
242,242,243,TURKEY,Republic of Turkey,TUR,781145.4877,,9873.43279616,493.671639808,,1481.01491942,,,,,,493.671639808,493.671639808,,,,,987.343279616,,,1974.68655923,,,,,,987.343279616,,,,,,,,,,
243,243,244,"KOREA,DEMOCRATIC PEOPLE'S REPUBLIC OF",Democratic People,PRK,122270.7747,,,,,,,,,,,,,,,,,5924.0596777,,,,,,,,,,,,,,,,,,,
244,244,245,NONE,None, ,362.2681903,,,,,493.671639808,,,,,,,,,,,,,,,,,,,,,,,,,,,,,,,
245,245,246,VIET NAM,Socialist Republic of Viet Nam,VNM,327578.2769,,,,,,,,,2962.02983885,,,37519.0446254,,,,,,,,,,,,,,,,,,,,,,,,493.671639808
246,246,247,CHINA,Peoples Republic of China,CHN,9506121.662,36038.029706,19746.8655923,13822.8059146,,2962.02983885,,987.343279616,4443.04475827,8392.41787674,21721.5521516,31594.9849477,38506.387905,,,,493.671639808,15797.4924739,8886.08951654,3949.37311846,19253.1939525,,2468.35819904,,,23202.567071,38506.387905,987.343279616,,,,,,,615608.534841,,493.671639808
